instType,instId,instIdCode,baseCcy,quoteCcy,settleCcy,ctVal,ctMult,ctValCcy,listTime,expTime,lever,tickSz,lotSz,minSz,state
SPOT,1INCH-EUR,138525,1INCH,EUR,,,,,1700539860000,,,0.00001,0.000001,10,live
SPOT,1INCH-USDC,250094,1INCH,USDC,,,,,1771826400000,,,0.00001,0.000001,10,live
SPOT,1INCH-USDT,1564,1INCH,USDT,,,,,1611907686000,,10,0.00001,0.000001,10,live
SPOT,2Z-EUR,251172,2Z,EUR,,,,,1772431200000,,,0.00001,0.01,10,live
SPOT,2Z-USDC,251192,2Z,USDC,,,,,1772431200000,,,0.00001,0.01,10,live
SPOT,2Z-USDT,235995,2Z,USDT,,,,,1763107200000,,10,0.00001,0.01,10,live
SPOT,A-EUR,251507,A,EUR,,,,,1772690400000,,,0.00001,0.01,10,live
SPOT,A-USDC,251527,A,USDC,,,,,1772690400000,,,0.00001,0.01,10,live
SPOT,A-USDT,212230,A,USDT,,,,,1748509200000,,10,0.00001,0.01,10,live
SPOT,AAVE-EUR,151582,AAVE,EUR,,,,,1710389100000,,,0.01,0.000001,0.01,live
SPOT,AAVE-TRY,252690,AAVE,TRY,,,,,1773993600000,,,0.01,0.000001,0.01,live
SPOT,AAVE-USDC,250115,AAVE,USDC,,,,,1771826400000,,,0.01,0.000001,0.01,live
SPOT,AAVE-USDT,1527,AAVE,USDT,,,,,1611907686000,,10,0.01,0.000001,0.01,live
SPOT,ACE-EUR,254422,ACE,EUR,,,,,1774504800000,,,0.00001,0.0001,10,live
SPOT,ACE-USDC,254446,ACE,USDC,,,,,1774504800000,,,0.00001,0.0001,10,live
SPOT,ACE-USDT,141402,ACE,USDT,,,,,1702879200000,,,0.00001,0.0001,10,live
SPOT,ACH-EUR,251794,ACH,EUR,,,,,1773036000000,,,0.000001,0.01,100,live
SPOT,ACH-USDC,251774,ACH,USDC,,,,,1773036000000,,,0.000001,0.01,100,live
SPOT,ACH-USDT,119863,ACH,USDT,,,,,1682071200000,,10,0.000001,0.01,100,live
SPOT,ACT-TRY,244355,ACT,TRY,,,,,1768806000000,,,0.0001,0.001,100,live
SPOT,ACT-USDT,184356,ACT,USDT,,,,,1731574800000,,10,0.000001,0.001,100,live
SPOT,ADA-EUR,138512,ADA,EUR,,,,,1700539860000,,,0.0001,0.0001,10,live
SPOT,ADA-TRY,244360,ADA,TRY,,,,,1768806000000,,,0.01,0.0001,1,live
SPOT,ADA-USDC,224015,ADA,USDC,,,,,1755763200000,,,0.0001,0.001,10,live
SPOT,ADA-USDT,1,ADA,USDT,,,,,1611907686000,,10,0.0001,0.0001,10,live
SPOT,AEON-TRY,381880,AEON,TRY,,,,,1785151800000,,,0.001,0.001,10,live
SPOT,AEON-USDT,381701,AEON,USDT,,,,,1785146400000,,,0.00001,0.1,100,live
SPOT,AEVO-EUR,254128,AEVO,EUR,,,,,1774245600000,,,0.00001,0.0001,10,live
SPOT,AEVO-USDC,254146,AEVO,USDC,,,,,1774245600000,,,0.00001,0.0001,10,live
SPOT,AEVO-USDT,151468,AEVO,USDT,,,,,1710324000000,,,0.00001,0.0001,10,live
SPOT,AGLD-EUR,254160,AGLD,EUR,,,,,1774245600000,,,0.0001,0.000001,1,live
SPOT,AGLD-USDC,254157,AGLD,USDC,,,,,1774245600000,,,0.0001,0.000001,1,live
SPOT,AGLD-USDT,40923,AGLD,USDT,,,,,1630650741000,,10,0.0001,0.000001,1,live
SPOT,AI-EUR,280692,AI,EUR,,,,,1779444000000,,,0.00001,0.1,100,live
SPOT,AI-TRY,280691,AI,TRY,,,,,1779444000000,,,0.001,0.001,10,live
SPOT,AI-USDC,280696,AI,USDC,,,,,1779444000000,,,0.00001,0.1,100,live
SPOT,AI-USDT,280680,AI,USDT,,,,,1779440400000,,,0.00001,0.1,100,live
SPOT,AIXBT-EUR,254135,AIXBT,EUR,,,,,1774245600000,,,0.00001,0.001,10,live
SPOT,AIXBT-TRY,252695,AIXBT,TRY,,,,,1773993600000,,,0.001,0.001,10,live
SPOT,AIXBT-USDC,254153,AIXBT,USDC,,,,,1774245600000,,,0.00001,0.001,10,live
SPOT,AIXBT-USDT,193033,AIXBT,USDT,,,,,1736942400000,,,0.00001,0.001,10,live
SPOT,ALGO-EUR,151579,ALGO,EUR,,,,,1710388200000,,,0.00001,0.001,10,live
SPOT,ALGO-USDC,250118,ALGO,USDC,,,,,1771826400000,,,0.00001,0.000001,10,live
SPOT,ALGO-USDT,934,ALGO,USDT,,,,,1611907686000,,10,0.00001,0.000001,10,live
SPOT,ALLO-EUR,254426,ALLO,EUR,,,,,1774504800000,,,0.00001,0.01,10,live
SPOT,ALLO-TRY,252682,ALLO,TRY,,,,,1773388800000,,,0.001,0.001,10,live
SPOT,ALLO-USDC,254439,ALLO,USDC,,,,,1774504800000,,,0.00001,0.01,10,live
SPOT,ALLO-USDT,235607,ALLO,USDT,,,,,1762862400000,,,0.00001,0.01,10,live
SPOT,ANIME-EUR,253592,ANIME,EUR,,,,,1773900000000,,,0.000001,0.01,100,live
SPOT,ANIME-TRY,252679,ANIME,TRY,,,,,1773388800000,,,0.0001,0.01,100,live
SPOT,ANIME-USDC,253612,ANIME,USDC,,,,,1773900000000,,,0.000001,0.01,100,live
SPOT,ANIME-USDT,194168,ANIME,USDT,,,,,1737637200000,,10,0.000001,0.01,100,live
SPOT,APE-EUR,151587,APE,EUR,,,,,1710390600000,,,0.00001,0.0001,10,live
SPOT,APE-TRY,266696,APE,TRY,,,,,1777536000000,,,0.001,0.0001,1,live
SPOT,APE-USDC,250097,APE,USDC,,,,,1771826400000,,,0.00001,0.000001,10,live
SPOT,APE-USDT,80544,APE,USDT,,,,,1647508491000,,10,0.00001,0.000001,10,live
SPOT,API3-EUR,253593,API3,EUR,,,,,1773900000000,,,0.0001,0.000001,1,live
SPOT,API3-TRY,266698,API3,TRY,,,,,1777537800000,,,0.01,0.0001,1,live
SPOT,API3-USDC,253613,API3,USDC,,,,,1773900000000,,,0.0001,0.000001,1,live
SPOT,API3-USDT,1548,API3,USDT,,,,,1611907686000,,10,0.0001,0.000001,1,live
SPOT,APT-EUR,151570,APT,EUR,,,,,1710385500000,,,0.0001,0.00001,1,live
SPOT,APT-TRY,244364,APT,TRY,,,,,1768806000000,,,0.01,0.0001,1,live
SPOT,APT-USDC,230718,APT,USDC,,,,,1759993200000,,,0.0001,0.0001,1,live
SPOT,APT-USDT,104892,APT,USDT,,,,,1666086764000,,10,0.0001,0.0001,1,live
SPOT,AR-EUR,251508,AR,EUR,,,,,1772690400000,,,0.001,0.000001,0.1,live
SPOT,AR-USDC,251528,AR,USDC,,,,,1772690400000,,,0.001,0.000001,0.1,live
SPOT,AR-USDT,49507,AR,USDT,,,,,1640313874000,,10,0.001,0.000001,0.1,live
SPOT,ARB-EUR,151576,ARB,EUR,,,,,1710387300000,,,0.00001,0.0001,10,live
SPOT,ARB-TRY,244362,ARB,TRY,,,,,1768806000000,,,0.001,0.001,10,live
SPOT,ARB-USDC,250121,ARB,USDC,,,,,1771826400000,,,0.00001,0.0001,10,live
SPOT,ARB-USDT,117781,ARB,USDT,,,,,1679578800000,,10,0.00001,0.0001,10,live
SPOT,ARG-EUR,254428,ARG,EUR,,,,,1774504800000,,,0.00001,0.0001,10,live
SPOT,ARG-USDC,254441,ARG,USDC,,,,,1774504800000,,,0.00001,0.0001,10,live
SPOT,ARG-USDT,102095,ARG,USDT,,,,,1663915404000,,,0.00001,0.0001,10,live
SPOT,ARKM-EUR,254123,ARKM,EUR,,,,,1774245600000,,,0.00001,0.001,10,live
SPOT,ARKM-TRY,243507,ARKM,TRY,,,,,1768201200000,,,0.001,0.001,10,live
SPOT,ARKM-USDC,254142,ARKM,USDC,,,,,1774245600000,,,0.00001,0.001,10,live
SPOT,ARKM-USDT,170821,ARKM,USDT,,,,,1723698000000,,10,0.00001,0.001,10,live
SPOT,ASP-EUR,255197,ASP,EUR,,,,,1774850400000,,,0.000001,0.01,100,live
SPOT,ASP-USDC,255210,ASP,USDC,,,,,1774850400000,,,0.000001,0.01,100,live
SPOT,ASP-USDT,219903,ASP,USDT,,,,,1753354800000,,,0.000001,0.01,100,live
SPOT,ASTER-EUR,250418,ASTER,EUR,,,,,1772085600000,,,0.0001,0.001,1,live
SPOT,ASTER-TRY,244353,ASTER,TRY,,,,,1768806000000,,,0.01,0.0001,1,live
SPOT,ASTER-USDC,250437,ASTER,USDC,,,,,1772085600000,,,0.0001,0.001,1,live
SPOT,ASTER-USDT,231958,ASTER,USDT,,,,,1760677200000,,10,0.0001,0.001,1,live
SPOT,ASTR-EUR,151591,ASTR,EUR,,,,,1710391800000,,,0.000001,0.001,100,live
SPOT,ASTR-USDC,250101,ASTR,USDC,,,,,1771826400000,,,0.000001,0.000001,100,live
SPOT,ASTR-USDT,51396,ASTR,USDT,,,,,1642405474000,,,0.000001,0.000001,100,live
SPOT,ATH-EUR,251519,ATH,EUR,,,,,1772690400000,,,0.000001,0.1,100,live
SPOT,ATH-TRY,250906,ATH,TRY,,,,,1772784000000,,,0.0001,0.01,100,live
SPOT,ATH-USDC,251539,ATH,USDC,,,,,1772690400000,,,0.000001,0.1,100,live
SPOT,ATH-USDT,162047,ATH,USDT,,,,,1718186400000,,10,0.000001,0.1,100,live
SPOT,ATOM-EUR,151568,ATOM,EUR,,,,,1710384900000,,,0.001,0.00001,0.1,live
SPOT,ATOM-USDC,250117,ATOM,USDC,,,,,1771826400000,,,0.001,0.000001,0.1,live
SPOT,ATOM-USDT,835,ATOM,USDT,,,,,1611907686000,,10,0.001,0.000001,0.1,live
SPOT,AUCTION-EUR,253585,AUCTION,EUR,,,,,1773900000000,,,0.001,0.000001,0.1,live
SPOT,AUCTION-USDC,253605,AUCTION,USDC,,,,,1773900000000,,,0.001,0.000001,0.1,live
SPOT,AUCTION-USDT,18410,AUCTION,USDT,,,,,1617784500000,,10,0.001,0.000001,0.1,live
SPOT,AUDF-AUD,262959,AUDF,AUD,,,,,1776837600000,,,0.0001,0.001,1,live
SPOT,AUDF-USDT,262662,AUDF,USDT,,,,,1776837600000,,,0.0001,0.001,1,live
SPOT,AUDM-AUD,262964,AUDM,AUD,,,,,1776837600000,,,0.0001,0.001,1,live
SPOT,AUDM-USDT,262661,AUDM,USDT,,,,,1776837600000,,,0.0001,0.001,1,live
SPOT,AVAX-EUR,138517,AVAX,EUR,,,,,1700539860000,,,0.001,0.000001,0.1,live
SPOT,AVAX-TRY,243503,AVAX,TRY,,,,,1768201200000,,,0.1,0.00001,0.1,live
SPOT,AVAX-USDC,230712,AVAX,USDC,,,,,1759993200000,,,0.001,0.0001,0.1,live
SPOT,AVAX-USDT,1501,AVAX,USDT,,,,,1611907686000,,10,0.001,0.000001,0.1,live
SPOT,AVNT-EUR,252440,AVNT,EUR,,,,,1773295200000,,,0.00001,0.001,10,live
SPOT,AVNT-USDC,252459,AVNT,USDC,,,,,1773295200000,,,0.00001,0.001,10,live
SPOT,AVNT-USDT,230498,AVNT,USDT,,,,,1759838400000,,10,0.00001,0.001,10,live
SPOT,AXS-EUR,151589,AXS,EUR,,,,,1710391200000,,,0.0001,0.00001,1,live
SPOT,AXS-TRY,250904,AXS,TRY,,,,,1772784000000,,,0.01,0.0001,1,live
SPOT,AXS-USDC,250130,AXS,USDC,,,,,1771826400000,,,0.0001,0.000001,1,live
SPOT,AXS-USDT,26795,AXS,USDT,,,,,1627368385000,,10,0.0001,0.000001,1,live
SPOT,BABY-EUR,253119,BABY,EUR,,,,,1773640800000,,,0.000001,0.1,100,live
SPOT,BABY-USDC,253139,BABY,USDC,,,,,1773640800000,,,0.000001,0.1,100,live
SPOT,BABY-USDT,205392,BABY,USDT,,,,,1744276500000,,10,0.000001,0.1,100,live
SPOT,BABYDOGE-EUR,251799,BABYDOGE,EUR,,,,,1773036000000,,,0.000000000001,1,1000000000,live
SPOT,BABYDOGE-USDC,251779,BABYDOGE,USDC,,,,,1773036000000,,,0.000000000001,1,1000000000,live
SPOT,BABYDOGE-USDT,27794,BABYDOGE,USDT,,,,,1628580116000,,,0.000000000001,1,1000000000,live
SPOT,BANANA-EUR,254435,BANANA,EUR,,,,,1774504800000,,,0.001,0.0001,0.1,live
SPOT,BANANA-USDC,254433,BANANA,USDC,,,,,1774504800000,,,0.001,0.0001,0.1,live
SPOT,BANANA-USDT,180527,BANANA,USDT,,,,,1729242000000,,,0.001,0.0001,0.1,live
SPOT,BAND-EUR,253113,BAND,EUR,,,,,1773640800000,,,0.0001,0.000001,1,live
SPOT,BAND-USDC,253133,BAND,USDC,,,,,1773640800000,,,0.0001,0.000001,1,live
SPOT,BAND-USDT,1433,BAND,USDT,,,,,1611907686000,,,0.0001,0.000001,1,live
SPOT,BARD-EUR,251179,BARD,EUR,,,,,1772431200000,,,0.0001,0.01,1,live
SPOT,BARD-TRY,252691,BARD,TRY,,,,,1773993600000,,,0.01,0.0001,1,live
SPOT,BARD-USDC,251199,BARD,USDC,,,,,1772431200000,,,0.0001,0.01,1,live
SPOT,BARD-USDT,227766,BARD,USDT,,,,,1758193200000,,10,0.0001,0.01,1,live
SPOT,BASED-EUR,430313,BASED,EUR,,,,,1787733300000,,,0.00001,0.1,100,live
SPOT,BASED-TRY,255500,BASED,TRY,,,,,1774868400000,,,0.001,0.0001,10,live
SPOT,BASED-USDC,430303,BASED,USDC,,,,,1787733000000,,,0.00001,0.1,100,live
SPOT,BASED-USDT,255471,BASED,USDT,,,,,1774861200000,,,0.00001,0.01,10,live
SPOT,BAT-EUR,158131,BAT,EUR,,,,,1715073600000,,,0.00001,0.000001,10,live
SPOT,BAT-USDC,250092,BAT,USDC,,,,,1771826400000,,,0.00001,0.000001,10,live
SPOT,BAT-USDT,1292,BAT,USDT,,,,,1611907686000,,10,0.00001,0.000001,10,live
SPOT,BCH-EUR,250105,BCH,EUR,,,,,1771826400000,,,0.1,0.000001,0.01,live
SPOT,BCH-USDC,230716,BCH,USDC,,,,,1759993200000,,,0.1,0.00001,0.01,live
SPOT,BCH-USDT,667,BCH,USDT,,,,,1611907686000,,10,0.1,0.000001,0.01,live
SPOT,BERA-EUR,251518,BERA,EUR,,,,,1772690400000,,,0.0001,0.001,1,live
SPOT,BERA-TRY,250912,BERA,TRY,,,,,1772784000000,,,0.01,0.0001,1,live
SPOT,BERA-USDC,251538,BERA,USDC,,,,,1772690400000,,,0.0001,0.001,1,live
SPOT,BERA-USDT,196423,BERA,USDT,,,,,1738843200000,,10,0.0001,0.001,1,live
SPOT,BETH-ETH,1563,BETH,ETH,,,,,1611907686000,,,0.0001,0.000001,0.001,live
SPOT,BETH-USDT,1562,BETH,USDT,,,,,1611907686000,,5,0.1,0.000001,0.001,live
SPOT,BICO-EUR,254127,BICO,EUR,,,,,1774245600000,,,0.00001,0.000001,10,live
SPOT,BICO-USDC,254145,BICO,USDC,,,,,1774245600000,,,0.00001,0.000001,10,live
SPOT,BICO-USDT,47586,BICO,USDT,,,,,1638349468000,,,0.00001,0.000001,10,live
SPOT,BIGTIME-EUR,253591,BIGTIME,EUR,,,,,1773900000000,,,0.000001,0.01,100,live
SPOT,BIGTIME-USDC,253611,BIGTIME,USDC,,,,,1773900000000,,,0.000001,0.01,100,live
SPOT,BIGTIME-USDT,134399,BIGTIME,USDT,,,,,1696989600000,,10,0.000001,0.01,100,live
SPOT,BIO-EUR,252437,BIO,EUR,,,,,1773295200000,,,0.00001,0.001,10,live
SPOT,BIO-TRY,250918,BIO,TRY,,,,,1772179200000,,,0.001,0.001,10,live
SPOT,BIO-USDC,252456,BIO,USDC,,,,,1773295200000,,,0.00001,0.001,10,live
SPOT,BIO-USDT,191455,BIO,USDT,,,,,1735895700000,,10,0.00001,0.001,10,live
SPOT,BLUR-EUR,252433,BLUR,EUR,,,,,1773295200000,,,0.00001,0.0001,10,live
SPOT,BLUR-USDC,252452,BLUR,USDC,,,,,1773295200000,,,0.00001,0.0001,10,live
SPOT,BLUR-USDT,115026,BLUR,USDT,,,,,1676355947000,,10,0.00001,0.0001,10,live
SPOT,BNB-EUR,233641,BNB,EUR,,,,,1761807600000,,,0.1,0.000001,0.001,live
SPOT,BNB-USDC,230714,BNB,USDC,,,,,1759993200000,,,0.1,0.000001,0.001,live
SPOT,BNB-USDT,110845,BNB,USDT,,,,,1671540483000,,10,0.1,0.000001,0.001,live
SPOT,BNT-EUR,253587,BNT,EUR,,,,,1773900000000,,,0.0001,0.000001,10,live
SPOT,BNT-USDC,253607,BNT,USDC,,,,,1773900000000,,,0.0001,0.000001,10,live
SPOT,BNT-USDT,147,BNT,USDT,,,,,1611907686000,,,0.0001,0.000001,10,live
SPOT,BOME-EUR,254159,BOME,EUR,,,,,1774245600000,,,0.0000001,1,1000,live
SPOT,BOME-USDC,254140,BOME,USDC,,,,,1774245600000,,,0.0000001,1,1000,live
SPOT,BOME-USDT,170823,BOME,USDT,,,,,1723712400000,,10,0.0000001,1,1000,live
SPOT,BONK-EUR,250429,BONK,EUR,,,,,1772085600000,,,0.000000001,1,100000,live
SPOT,BONK-TRY,243512,BONK,TRY,,,,,1768201200000,,,0.00000001,1,100000,live
SPOT,BONK-USDC,250448,BONK,USDC,,,,,1772085600000,,,0.000000001,1,100000,live
SPOT,BONK-USDT,143789,BONK,USDT,,,,,1704693600000,,10,0.000000001,1,100000,live
SPOT,BREV-EUR,253123,BREV,EUR,,,,,1773640800000,,,0.00001,0.01,10,live
SPOT,BREV-TRY,248721,BREV,TRY,,,,,1770969600000,,,0.001,0.001,10,live
SPOT,BREV-USDC,253143,BREV,USDC,,,,,1773640800000,,,0.00001,0.01,10,live
SPOT,BREV-USDT,243113,BREV,USDT,,,,,1767704400000,,10,0.00001,0.01,10,live
SPOT,BRL1-BRL,242039,BRL1,BRL,,,,,1766750400000,,,0.0001,0.01,10,live
SPOT,BRL1-USDT,241560,BRL1,USDT,,,,,1766743200000,,,0.0001,0.01,10,live
SPOT,BTC-AED,174115,BTC,AED,,,,,1726545900000,,,1,0.000000001,0.00001,live
SPOT,BTC-AUD,170619,BTC,AUD,,,,,1723782600000,,,0.1,0.0000001,0.0001,live
SPOT,BTC-BRL,147329,BTC,BRL,,,,,1707359400000,,,1,0.00000001,0.0001,live
SPOT,BTC-EUR,138508,BTC,EUR,,,,,1700539860000,,,0.1,0.00000001,0.0001,live
SPOT,BTC-PLN,485665,BTC,PLN,,,,,1790748000000,,,1,0.00000001,0.00001,live
SPOT,BTC-TRY,145001,BTC,TRY,,,,,1705633200000,,,1,0.000000001,0.0001,live
SPOT,BTC-USDC,224008,BTC,USDC,,,,,1755763200000,,,0.1,0.00000001,0.0001,live
SPOT,BTC-USDT,3,BTC,USDT,,,,,1611907686000,,10,0.1,0.00000001,0.00001,live
SPOT,CARDS-EUR,474028,CARDS,EUR,,,,,1790064000000,,,0.0001,0.01,10,live
SPOT,CARDS-TRY,330517,CARDS,TRY,,,,,1782388800000,,,0.001,0.0001,1,live
SPOT,CARDS-USDC,474020,CARDS,USDC,,,,,1790064000000,,,0.0001,0.01,10,live
SPOT,CARDS-USDT,330506,CARDS,USDT,,,,,1782385200000,,,0.0001,0.01,10,live
SPOT,CAT-EUR,254427,CAT,EUR,,,,,1774504800000,,,0.000000001,1,100000,live
SPOT,CAT-USDC,254440,CAT,USDC,,,,,1774504800000,,,0.000000001,1,100000,live
SPOT,CAT-USDT,181357,CAT,USDT,,,,,1729850400000,,,0.000000001,1,100000,live
SPOT,CATI-EUR,254434,CATI,EUR,,,,,1774504800000,,,0.00001,0.01,10,live
SPOT,CATI-USDC,254447,CATI,USDC,,,,,1774504800000,,,0.00001,0.01,10,live
SPOT,CATI-USDT,173849,CATI,USDT,,,,,1726822800000,,,0.00001,0.01,10,live
SPOT,CC-EUR,255187,CC,EUR,,,,,1774850400000,,,0.00001,0.01,10,live
SPOT,CC-TRY,250909,CC,TRY,,,,,1772179200000,,,0.001,0.001,10,live
SPOT,CC-USDC,255200,CC,USDC,,,,,1774850400000,,,0.00001,0.01,10,live
SPOT,CC-USDT,248845,CC,USDT,,,,,1770886800000,,,0.00001,0.01,10,live
SPOT,CELO-EUR,252441,CELO,EUR,,,,,1773295200000,,,0.00001,0.000001,10,live
SPOT,CELO-USDC,252460,CELO,USDC,,,,,1773295200000,,,0.00001,0.000001,10,live
SPOT,CELO-USDT,1384,CELO,USDT,,,,,1611907686000,,10,0.00001,0.000001,10,live
SPOT,CELR-EUR,254136,CELR,EUR,,,,,1774245600000,,,0.000001,0.000001,100,live
SPOT,CELR-USDC,254154,CELR,USDC,,,,,1774245600000,,,0.000001,0.000001,100,live
SPOT,CELR-USDT,17784,CELR,USDT,,,,,1617007316000,,,0.000001,0.000001,100,live
SPOT,CETUS-USDC,475605,CETUS,USDC,,,,,1790154000000,,,0.00001,0.1,100,live
SPOT,CETUS-USDT,121205,CETUS,USDT,,,,,1683714600000,,,0.00001,0.0001,10,live
SPOT,CFG-EUR,252442,CFG,EUR,,,,,1773295200000,,,0.00001,0.000001,10,live
SPOT,CFG-TRY,252693,CFG,TRY,,,,,1773993600000,,,0.001,0.001,1,live
SPOT,CFG-USDC,252461,CFG,USDC,,,,,1773295200000,,,0.00001,0.000001,10,live
SPOT,CFG-USDT,26044,CFG,USDT,,,,,1626249309000,,,0.00001,0.000001,10,live
SPOT,CFX-EUR,251165,CFX,EUR,,,,,1772431200000,,,0.00001,0.000001,10,live
SPOT,CFX-USDC,251185,CFX,USDC,,,,,1772431200000,,,0.00001,0.000001,10,live
SPOT,CFX-USDT,15611,CFX,USDT,,,,,1614752416000,,10,0.00001,0.000001,10,live
SPOT,CHIP-EUR,263994,CHIP,EUR,,,,,1777039200000,,,0.00001,0.01,10,live
SPOT,CHIP-TRY,263782,CHIP,TRY,,,,,1777021200000,,,0.001,0.001,10,live
SPOT,CHIP-USDC,263995,CHIP,USDC,,,,,1777039200000,,,0.00001,0.01,10,live
SPOT,CHIP-USDT,263772,CHIP,USDT,,,,,1777017600000,,,0.00001,0.01,10,live
SPOT,CHZ-EUR,151588,CHZ,EUR,,,,,1710390900000,,,0.00001,0.001,10,live
SPOT,CHZ-TRY,252686,CHZ,TRY,,,,,1773388800000,,,0.001,0.001,10,live
SPOT,CHZ-USDC,250124,CHZ,USDC,,,,,1771826400000,,,0.00001,0.000001,10,live
SPOT,CHZ-USDT,15612,CHZ,USDT,,,,,1614752416000,,10,0.00001,0.000001,10,live
SPOT,CITY-EUR,255194,CITY,EUR,,,,,1774850400000,,,0.0001,0.0001,1,live
SPOT,CITY-USDC,255207,CITY,USDC,,,,,1774850400000,,,0.0001,0.0001,1,live
SPOT,CITY-USDT,102613,CITY,USDT,,,,,1664176180000,,,0.0001,0.0001,1,live
SPOT,COMP-EUR,138524,COMP,EUR,,,,,1700539860000,,,0.01,0.000001,0.1,live
SPOT,COMP-USDC,250093,COMP,USDC,,,,,1771826400000,,,0.01,0.000001,0.1,live
SPOT,COMP-USDT,1375,COMP,USDT,,,,,1611907686000,,10,0.01,0.000001,0.1,live
SPOT,CORE-EUR,251523,CORE,EUR,,,,,1772690400000,,,0.00001,0.01,10,live
SPOT,CORE-TRY,266689,CORE,TRY,,,,,1777536000000,,,0.001,0.001,10,live
SPOT,CORE-USDC,251543,CORE,USDC,,,,,1772690400000,,,0.00001,0.01,10,live
SPOT,CORE-USDT,114599,CORE,USDT,,,,,1675836683000,,10,0.00001,0.01,10,live
SPOT,CP-EUR,465549,CP,EUR,,,,,1789632600000,,,0.00001,0.1,100,live
SPOT,CP-TRY,440979,CP,TRY,,,,,1788359400000,,,0.001,0.001,10,live
SPOT,CP-USDC,465551,CP,USDC,,,,,1789632900000,,,0.00001,0.1,100,live
SPOT,CP-USDT,440972,CP,USDT,,,,,1788355800000,,,0.00001,0.1,100,live
SPOT,CRO-EUR,151575,CRO,EUR,,,,,1710387000000,,,0.00001,0.001,10,live
SPOT,CRO-TRY,250917,CRO,TRY,,,,,1772179200000,,,0.001,0.001,10,live
SPOT,CRO-USDC,250114,CRO,USDC,,,,,1771826400000,,,0.00001,0.000001,10,live
SPOT,CRO-USDT,944,CRO,USDT,,,,,1611907686000,,10,0.00001,0.000001,10,live
SPOT,CRV-EUR,138523,CRV,EUR,,,,,1700539860000,,,0.0001,0.000001,1,live
SPOT,CRV-USDC,250126,CRV,USDC,,,,,1771826400000,,,0.0001,0.000001,1,live
SPOT,CRV-USDT,1411,CRV,USDT,,,,,1611285056000,,10,0.0001,0.000001,1,live
SPOT,CSPR-EUR,253111,CSPR,EUR,,,,,1773640800000,,,0.000001,0.000001,100,live
SPOT,CSPR-USDC,253131,CSPR,USDC,,,,,1773640800000,,,0.000001,0.000001,100,live
SPOT,CSPR-USDT,21244,CSPR,USDT,,,,,1620716190000,,,0.000001,0.000001,100,live
SPOT,CT-EUR,487529,CT,EUR,,,,,1790764200000,,,0.0001,0.01,10,live
SPOT,CT-TRY,487535,CT,TRY,,,,,1790764200000,,,0.01,0.0001,0.1,live
SPOT,CT-USDC,487522,CT,USDC,,,,,1790764200000,,,0.0001,0.01,10,live
SPOT,CT-USDT,487279,CT,USDT,,,,,1790758800000,,,0.00001,0.1,100,live
SPOT,CTC-EUR,251802,CTC,EUR,,,,,1773036000000,,,0.00001,0.000001,10,live
SPOT,CTC-USDC,251782,CTC,USDC,,,,,1773036000000,,,0.00001,0.000001,10,live
SPOT,CTC-USDT,1329,CTC,USDT,,,,,1611907686000,,,0.00001,0.000001,10,live
SPOT,CVC-EUR,253582,CVC,EUR,,,,,1773900000000,,,0.00001,0.000001,10,live
SPOT,CVC-USDC,253603,CVC,USDC,,,,,1773900000000,,,0.00001,0.000001,10,live
SPOT,CVC-USDT,148,CVC,USDT,,,,,1611907686000,,,0.00001,0.000001,10,live
SPOT,CVX-EUR,251181,CVX,EUR,,,,,1772431200000,,,0.001,0.000001,1,live
SPOT,CVX-USDC,251201,CVX,USDC,,,,,1772431200000,,,0.001,0.000001,1,live
SPOT,CVX-USDT,47119,CVX,USDT,,,,,1637907763000,,10,0.001,0.000001,1,live
SPOT,DASH-EUR,250432,DASH,EUR,,,,,1772085600000,,,0.01,0.0001,0.1,live
SPOT,DASH-USDC,250451,DASH,USDC,,,,,1772085600000,,,0.01,0.0001,0.1,live
SPOT,DASH-USDT,237832,DASH,USDT,,,,,1764154800000,,10,0.01,0.0001,0.1,live
SPOT,DATA-EUR,341833,DATA,EUR,,,,,1782993600000,,,0.0001,0.01,10,live
SPOT,DATA-TRY,341836,DATA,TRY,,,,,1782993600000,,,0.001,0.0001,1,live
SPOT,DATA-USDC,341832,DATA,USDC,,,,,1782993600000,,,0.0001,0.01,10,live
SPOT,DATA-USDT,341817,DATA,USDT,,,,,1782990000000,,,0.0001,0.01,10,live
SPOT,DEGEN-EUR,254429,DEGEN,EUR,,,,,1774504800000,,,0.0000001,1,1000,live
SPOT,DEGEN-USDC,254442,DEGEN,USDC,,,,,1774504800000,,,0.0000001,1,1000,live
SPOT,DEGEN-USDT,163190,DEGEN,USDT,,,,,1721725200000,,,0.0000001,1,1000,live
SPOT,DGB-EUR,251805,DGB,EUR,,,,,1773036000000,,,0.000001,0.000001,100,live
SPOT,DGB-USDC,251785,DGB,USDC,,,,,1773036000000,,,0.000001,0.000001,100,live
SPOT,DGB-USDT,230,DGB,USDT,,,,,1611907686000,,,0.000001,0.000001,100,live
SPOT,DOGE-EUR,138520,DOGE,EUR,,,,,1700539860000,,,0.00001,0.000001,10,live
SPOT,DOGE-TRY,243505,DOGE,TRY,,,,,1768201200000,,,0.001,0.001,10,live
SPOT,DOGE-USDC,224012,DOGE,USDC,,,,,1755763200000,,,0.00001,0.01,10,live
SPOT,DOGE-USDT,988,DOGE,USDT,,,,,1611907686000,,10,0.00001,0.000001,10,live
SPOT,DOGS-EUR,254430,DOGS,EUR,,,,,1774504800000,,,0.00000001,1,10000,live
SPOT,DOGS-USDC,254443,DOGS,USDC,,,,,1774504800000,,,0.00000001,1,10000,live
SPOT,DOGS-USDT,170808,DOGS,USDT,,,,,1724670000000,,,0.00000001,1,10000,live
SPOT,DOOD-EUR,253595,DOOD,EUR,,,,,1773900000000,,,0.000001,0.1,100,live
SPOT,DOOD-USDC,253615,DOOD,USDC,,,,,1773900000000,,,0.000001,0.1,100,live
SPOT,DOOD-USDT,232281,DOOD,USDT,,,,,1760695200000,,,0.000001,0.1,100,live
SPOT,DOS-EUR,408183,DOS,EUR,,,,,1786615200000,,,0.0001,0.01,10,live
SPOT,DOS-TRY,408210,DOS,TRY,,,,,1786615200000,,,0.01,0.0001,1,live
SPOT,DOS-USDC,408182,DOS,USDC,,,,,1786615200000,,,0.0001,0.01,10,live
SPOT,DOS-USDT,408065,DOS,USDT,,,,,1786611600000,,,0.0001,0.01,10,live
SPOT,DOT-EUR,138514,DOT,EUR,,,,,1700539860000,,,0.0001,0.000001,1,live
SPOT,DOT-TRY,252696,DOT,TRY,,,,,1773993600000,,,0.01,0.0001,1,live
SPOT,DOT-USDC,230715,DOT,USDC,,,,,1759993200000,,,0.0001,0.0001,1,live
SPOT,DOT-USDT,1426,DOT,USDT,,,,,1611907686000,,10,0.0001,0.000001,1,live
SPOT,DYDX-EUR,138521,DYDX,EUR,,,,,1700539860000,,,0.00001,0.000001,10,live
SPOT,DYDX-USDC,250098,DYDX,USDC,,,,,1771826400000,,,0.00001,0.000001,10,live
SPOT,DYDX-USDT,41284,DYDX,USDT,,,,,1631085490000,,10,0.00001,0.000001,10,live
SPOT,EDGE-EUR,269409,EDGE,EUR,,,,,1778065200000,,,0.0001,0.001,1,live
SPOT,EDGE-TRY,269413,EDGE,TRY,,,,,1778065200000,,,0.01,0.0001,1,live
SPOT,EDGE-USDC,269412,EDGE,USDC,,,,,1778065200000,,,0.0001,0.001,1,live
SPOT,EDGE-USDT,269407,EDGE,USDT,,,,,1778061600000,,,0.0001,0.001,1,live
SPOT,EGLD-EUR,151580,EGLD,EUR,,,,,1710388500000,,,0.001,0.00001,0.1,live
SPOT,EGLD-USDC,250095,EGLD,USDC,,,,,1771826400000,,,0.001,0.000001,0.1,live
SPOT,EGLD-USDT,1517,EGLD,USDT,,,,,1611907686000,,10,0.001,0.000001,0.1,live
SPOT,EIGEN-EUR,251509,EIGEN,EUR,,,,,1772690400000,,,0.0001,0.001,1,live
SPOT,EIGEN-TRY,243510,EIGEN,TRY,,,,,1768201200000,,,0.01,0.0001,1,live
SPOT,EIGEN-USDC,251529,EIGEN,USDC,,,,,1772690400000,,,0.0001,0.001,1,live
SPOT,EIGEN-USDT,176278,EIGEN,USDT,,,,,1727758800000,,10,0.0001,0.001,1,live
SPOT,ENA-EUR,250424,ENA,EUR,,,,,1772085600000,,,0.00001,0.01,10,live
SPOT,ENA-TRY,244359,ENA,TRY,,,,,1768806000000,,,0.001,0.0001,10,live
SPOT,ENA-USDC,250433,ENA,USDC,,,,,1772085600000,,,0.00001,0.01,10,live
SPOT,ENA-USDT,227535,ENA,USDT,,,,,1758088800000,,10,0.00001,0.01,10,live
SPOT,ENJ-EUR,253108,ENJ,EUR,,,,,1773640800000,,,0.00001,0.001,10,live
SPOT,ENJ-TRY,266690,ENJ,TRY,,,,,1777536000000,,,0.001,0.001,10,live
SPOT,ENJ-USDC,253128,ENJ,USDC,,,,,1773640800000,,,0.00001,0.001,10,live
SPOT,ENJ-USDT,134370,ENJ,USDT,,,,,1696906800000,,10,0.00001,0.001,10,live
SPOT,ENS-EUR,251176,ENS,EUR,,,,,1772431200000,,,0.001,0.000001,0.1,live
SPOT,ENS-USDC,251196,ENS,USDC,,,,,1772431200000,,,0.001,0.000001,0.1,live
SPOT,ENS-USDT,45948,ENS,USDT,,,,,1636381181000,,10,0.001,0.000001,0.1,live
SPOT,ETC-EUR,250419,ETC,EUR,,,,,1772085600000,,,0.001,0.000001,0.1,live
SPOT,ETC-USDC,250438,ETC,USDC,,,,,1772085600000,,,0.001,0.000001,0.1,live
SPOT,ETC-USDT,21,ETC,USDT,,,,,1611907686000,,10,0.001,0.000001,0.1,live
SPOT,ETH-AED,174116,ETH,AED,,,,,1726546200000,,,0.1,0.00000001,0.0001,live
SPOT,ETH-AUD,170620,ETH,AUD,,,,,1723784400000,,,0.01,0.0000001,0.0001,live
SPOT,ETH-BRL,147330,ETH,BRL,,,,,1707360300000,,,0.1,0.0000001,0.001,live
SPOT,ETH-BTC,5,ETH,BTC,,,,,1611907686000,,10,0.00001,0.000001,0.0001,live
SPOT,ETH-EUR,138510,ETH,EUR,,,,,1700539860000,,,0.01,0.000001,0.001,live
SPOT,ETH-PLN,485677,ETH,PLN,,,,,1790748000000,,,1,0.0000001,0.0001,live
SPOT,ETH-TRY,145002,ETH,TRY,,,,,1705635000000,,,1,0.00000001,0.001,live
SPOT,ETH-USDC,224009,ETH,USDC,,,,,1755763200000,,,0.01,0.000001,0.001,live
SPOT,ETH-USDT,4,ETH,USDT,,,,,1611907686000,,10,0.01,0.000001,0.0001,live
SPOT,ETHFI-EUR,251169,ETHFI,EUR,,,,,1772431200000,,,0.0001,0.0001,1,live
SPOT,ETHFI-TRY,244350,ETHFI,TRY,,,,,1768806000000,,,0.01,0.0001,1,live
SPOT,ETHFI-USDC,251189,ETHFI,USDC,,,,,1772431200000,,,0.0001,0.0001,1,live
SPOT,ETHFI-USDT,152002,ETHFI,USDT,,,,,1710763800000,,10,0.0001,0.0001,1,live
SPOT,ETHW-EUR,253618,ETHW,EUR,,,,,1773900000000,,,0.0001,0.0001,1,live
SPOT,ETHW-USDC,253598,ETHW,USDC,,,,,1773900000000,,,0.0001,0.0001,1,live
SPOT,ETHW-USDT,101095,ETHW,USDT,,,,,1663258590000,,10,0.0001,0.0001,1,live
SPOT,EURC-USDC,472260,EURC,USDC,,,,,1789977600000,,,0.001,0.001,1,live
SPOT,FET-EUR,152591,FET,EUR,,,,,1710991800000,,,0.0001,0.001,1,live
SPOT,FET-TRY,243511,FET,TRY,,,,,1768201200000,,,0.001,0.0001,1,live
SPOT,FET-USDC,233636,FET,USDC,,,,,1761721200000,,,0.0001,0.01,10,live
SPOT,FET-USDT,138835,FET,USDT,,,,,1700820000000,,,0.0001,0.001,1,live
SPOT,FIL-EUR,250108,FIL,EUR,,,,,1771826400000,,,0.0001,0.000001,1,live
SPOT,FIL-TRY,250905,FIL,TRY,,,,,1772784000000,,,0.01,0.0001,1,live
SPOT,FIL-USDC,229582,FIL,USDC,,,,,1759388400000,,,0.0001,0.001,1,live
SPOT,FIL-USDT,1536,FIL,USDT,,,,,1611907686000,,10,0.0001,0.000001,1,live
SPOT,FLOKI-EUR,251170,FLOKI,EUR,,,,,1772431200000,,,0.00000001,1,10000,live
SPOT,FLOKI-TRY,244356,FLOKI,TRY,,,,,1768806000000,,,0.000001,1,10000,live
SPOT,FLOKI-USDC,251190,FLOKI,USDC,,,,,1772431200000,,,0.00000001,1,10000,live
SPOT,FLOKI-USDT,110454,FLOKI,USDT,,,,,1671172032000,,10,0.00000001,1,10000,live
SPOT,FLOW-EUR,151581,FLOW,EUR,,,,,1710388800000,,,0.00001,0.0001,10,live
SPOT,FLOW-USDC,250100,FLOW,USDC,,,,,1771826400000,,,0.00001,0.000001,10,live
SPOT,FLOW-USDT,14802,FLOW,USDT,,,,,1614062136000,,10,0.00001,0.000001,10,live
SPOT,FLR-EUR,151578,FLR,EUR,,,,,1710387900000,,,0.000001,0.01,100,live
SPOT,FLR-USDC,250119,FLR,USDC,,,,,1771826400000,,,0.000001,0.01,100,live
SPOT,FLR-USDT,112369,FLR,USDT,,,,,1673256143000,,,0.000001,0.01,100,live
SPOT,FLUID-EUR,251514,FLUID,EUR,,,,,1772690400000,,,0.0001,0.001,1,live
SPOT,FLUID-USDC,251534,FLUID,USDC,,,,,1772690400000,,,0.0001,0.001,1,live
SPOT,FLUID-USDT,203576,FLUID,USDT,,,,,1743066000000,,,0.0001,0.001,1,live
SPOT,FOGO-EUR,251810,FOGO,EUR,,,,,1773036000000,,,0.000001,0.1,100,live
SPOT,FOGO-TRY,248728,FOGO,TRY,,,,,1770969600000,,,0.0001,0.01,100,live
SPOT,FOGO-USDC,251790,FOGO,USDC,,,,,1773036000000,,,0.000001,0.1,100,live
SPOT,FOGO-USDT,244017,FOGO,USDT,,,,,1768482000000,,10,0.000001,0.1,100,live
SPOT,G-EUR,253114,G,EUR,,,,,1773640800000,,,0.000001,0.1,100,live
SPOT,G-USDC,253134,G,USDC,,,,,1773640800000,,,0.000001,0.1,100,live
SPOT,G-USDT,168222,G,USDT,,,,,1721973600000,,,0.000001,0.1,100,live
SPOT,GALA-EUR,251180,GALA,EUR,,,,,1772431200000,,,0.000001,0.000001,100,live
SPOT,GALA-TRY,266733,GALA,TRY,,,,,1777537800000,,,0.0001,0.01,100,live
SPOT,GALA-USDC,251200,GALA,USDC,,,,,1772431200000,,,0.000001,0.000001,100,live
SPOT,GALA-USDT,42482,GALA,USDT,,,,,1632295098000,,10,0.000001,0.000001,100,live
SPOT,GALFT-USDT,90056,GALFT,USDT,,,,,1655962391000,,,0.0001,0.0001,1,live
SPOT,GAS-EUR,251516,GAS,EUR,,,,,1772690400000,,,0.0001,0.000001,1,live
SPOT,GAS-USDC,251536,GAS,USDC,,,,,1772690400000,,,0.0001,0.000001,1,live
SPOT,GAS-USDT,33,GAS,USDT,,,,,1611907686000,,10,0.0001,0.000001,1,live
SPOT,GLM-EUR,251184,GLM,EUR,,,,,1772431200000,,,0.00001,0.000001,10,live
SPOT,GLM-USDC,251204,GLM,USDC,,,,,1772431200000,,,0.00001,0.000001,10,live
SPOT,GLM-USDT,14284,GLM,USDT,,,,,1613734874000,,,0.00001,0.000001,10,live
SPOT,GMT-EUR,253122,GMT,EUR,,,,,1773640800000,,,0.000001,0.0001,100,live
SPOT,GMT-USDC,253142,GMT,USDC,,,,,1773640800000,,,0.000001,0.0001,100,live
SPOT,GMT-USDT,81583,GMT,USDT,,,,,1648781939000,,10,0.000001,0.0001,100,live
SPOT,GMX-USDT,111965,GMX,USDT,,,,,1672899912000,,10,0.001,0.0001,0.1,live
SPOT,GOAT-EUR,254131,GOAT,EUR,,,,,1774245600000,,,0.00001,0.001,10,live
SPOT,GOAT-USDC,254139,GOAT,USDC,,,,,1774245600000,,,0.00001,0.001,10,live
SPOT,GOAT-USDT,188325,GOAT,USDT,,,,,1733994000000,,,0.00001,0.001,10,live
SPOT,GRAM-EUR,318750,GRAM,EUR,,,,,1781690400000,,,0.001,0.001,1,live
SPOT,GRAM-TRY,318755,GRAM,TRY,,,,,1781690400000,,,0.01,0.0001,0.1,live
SPOT,GRAM-USDC,318749,GRAM,USDC,,,,,1781690400000,,,0.001,0.001,1,live
SPOT,GRAM-USDT,318699,GRAM,USDT,,,,,1781686800000,,10,0.001,0.001,1,live
SPOT,GRASS-EUR,266735,GRASS,EUR,,,,,1777537800000,,,0.0001,0.01,10,live
SPOT,GRASS-TRY,263976,GRASS,TRY,,,,,1777039200000,,,0.01,0.0001,1,live
SPOT,GRASS-USDC,266699,GRASS,USDC,,,,,1777537800000,,,0.0001,0.01,10,live
SPOT,GRASS-USDT,263977,GRASS,USDT,,,,,1777035600000,,,0.0001,0.01,10,live
SPOT,GRT-EUR,151574,GRT,EUR,,,,,1710386700000,,,0.00001,0.001,10,live
SPOT,GRT-USDC,250129,GRT,USDC,,,,,1771826400000,,,0.00001,0.000001,10,live
SPOT,GRT-USDT,1557,GRT,USDT,,,,,1611907686000,,10,0.00001,0.000001,10,live
SPOT,GRVT-EUR,441532,GRVT,EUR,,,,,1788336600000,,,0.00001,0.01,10,live
SPOT,GRVT-TRY,386801,GRVT,TRY,,,,,1785421800000,,,0.001,0.001,1,live
SPOT,GRVT-USDC,441438,GRVT,USDC,,,,,1788336000000,,,0.00001,0.01,10,live
SPOT,GRVT-USDT,385959,GRVT,USDT,,,,,1785416400000,,,0.00001,0.1,10,live
SPOT,HBAR-EUR,151572,HBAR,EUR,,,,,1710394200000,,,0.00001,0.001,10,live
SPOT,HBAR-TRY,250919,HBAR,TRY,,,,,1772179200000,,,0.001,0.001,10,live
SPOT,HBAR-USDC,250122,HBAR,USDC,,,,,1771826400000,,,0.00001,0.000001,10,live
SPOT,HBAR-USDT,1079,HBAR,USDT,,,,,1611907686000,,10,0.00001,0.000001,10,live
SPOT,HMSTR-EUR,254424,HMSTR,EUR,,,,,1774504800000,,,0.0000001,0.1,1000,live
SPOT,HMSTR-TRY,252687,HMSTR,TRY,,,,,1773388800000,,,0.000001,1,1000,live
SPOT,HMSTR-USDC,254437,HMSTR,USDC,,,,,1774504800000,,,0.0000001,0.1,1000,live
SPOT,HMSTR-USDT,175507,HMSTR,USDT,,,,,1727348400000,,,0.0000001,0.1,1000,live
SPOT,HUMA-EUR,253584,HUMA,EUR,,,,,1773900000000,,,0.00001,0.1,100,live
SPOT,HUMA-TRY,266681,HUMA,TRY,,,,,1777536000000,,,0.0001,0.001,10,live
SPOT,HUMA-USDC,253604,HUMA,USDC,,,,,1773900000000,,,0.00001,0.1,100,live
SPOT,HUMA-USDT,211874,HUMA,USDT,,,,,1748260800000,,10,0.00001,0.1,100,live
SPOT,HYPE-EUR,238651,HYPE,EUR,,,,,1764666000000,,,0.001,0.0001,0.1,live
SPOT,HYPE-TRY,247551,HYPE,TRY,,,,,1770278400000,,,0.01,0.000001,0.01,live
SPOT,HYPE-USDC,238650,HYPE,USDC,,,,,1764666000000,,,0.001,0.0001,0.1,live
SPOT,HYPE-USDT,234453,HYPE,USDT,,,,,1762261200000,,10,0.001,0.0001,0.1,live
SPOT,ICP-EUR,151566,ICP,EUR,,,,,1710393300000,,,0.001,0.00001,0.1,live
SPOT,ICP-TRY,250902,ICP,TRY,,,,,1772784000000,,,0.01,0.0001,0.1,live
SPOT,ICP-USDC,250116,ICP,USDC,,,,,1771826400000,,,0.001,0.000001,0.1,live
SPOT,ICP-USDT,21154,ICP,USDT,,,,,1620635244000,,10,0.001,0.000001,0.1,live
SPOT,ID-EUR,251796,ID,EUR,,,,,1773036000000,,,0.00001,0.001,10,live
SPOT,ID-USDC,251776,ID,USDC,,,,,1773036000000,,,0.00001,0.001,10,live
SPOT,ID-USDT,119791,ID,USDT,,,,,1681984800000,,,0.00001,0.001,10,live
SPOT,ILV-EUR,254126,ILV,EUR,,,,,1774245600000,,,0.001,0.000001,0.1,live
SPOT,ILV-USDC,254144,ILV,USDC,,,,,1774245600000,,,0.001,0.000001,0.1,live
SPOT,ILV-USDT,41126,ILV,USDT,,,,,1630978003000,,,0.001,0.000001,0.1,live
SPOT,IMX-EUR,151567,IMX,EUR,,,,,1710393600000,,,0.00001,0.0001,10,live
SPOT,IMX-USDC,250127,IMX,USDC,,,,,1771826400000,,,0.00001,0.000001,10,live
SPOT,IMX-USDT,45728,IMX,USDT,,,,,1636101372000,,10,0.0001,0.000001,10,live
SPOT,INJ-EUR,152592,INJ,EUR,,,,,1710993600000,,,0.001,0.0001,0.1,live
SPOT,INJ-USDC,233637,INJ,USDC,,,,,1761721200000,,,0.001,0.0001,0.1,live
SPOT,INJ-USDT,139246,INJ,USDT,,,,,1701338400000,,10,0.001,0.0001,0.1,live
SPOT,IOST-EUR,253120,IOST,EUR,,,,,1773640800000,,,0.0000001,0.00001,100,live
SPOT,IOST-USDC,253140,IOST,USDC,,,,,1773640800000,,,0.0000001,0.00001,100,live
SPOT,IOST-USDT,355,IOST,USDT,,,,,1611907686000,,,0.0000001,0.00001,100,live
SPOT,IOTA-EUR,250111,IOTA,EUR,,,,,1771826400000,,,0.00001,0.000001,10,live
SPOT,IOTA-USDC,229579,IOTA,USDC,,,,,1759388400000,,,0.00001,0.01,10,live
SPOT,IOTA-USDT,48,IOTA,USDT,,,,,1611907686000,,10,0.00001,0.000001,10,live
SPOT,IRYS-EUR,287810,IRYS,EUR,,,,,1779876000000,,,0.00001,0.1,100,live
SPOT,IRYS-TRY,287811,IRYS,TRY,,,,,1779876000000,,,0.001,0.001,10,live
SPOT,IRYS-USDC,287803,IRYS,USDC,,,,,1779876000000,,,0.00001,0.1,100,live
SPOT,IRYS-USDT,287801,IRYS,USDT,,,,,1779872400000,,,0.00001,0.1,100,live
SPOT,JITOSOL-USDT,209156,JITOSOL,USDT,,,,,1746774000000,,,0.01,0.000001,0.01,live
SPOT,JOE-EUR,254432,JOE,EUR,,,,,1774504800000,,,0.00001,0.000001,10,live
SPOT,JOE-USDC,254445,JOE,USDC,,,,,1774504800000,,,0.00001,0.000001,10,live
SPOT,JOE-USDT,51040,JOE,USDT,,,,,1642045755000,,,0.00001,0.000001,10,live
SPOT,JTO-EUR,158133,JTO,EUR,,,,,1715074800000,,,0.0001,0.0001,1,live
SPOT,JTO-USDC,250096,JTO,USDC,,,,,1771826400000,,,0.0001,0.0001,1,live
SPOT,JTO-USDT,143788,JTO,USDT,,,,,1704693600000,,10,0.0001,0.0001,1,live
SPOT,JUP-EUR,250431,JUP,EUR,,,,,1772085600000,,,0.0001,0.001,10,live
SPOT,JUP-TRY,248716,JUP,TRY,,,,,1771574400000,,,0.001,0.001,1,live
SPOT,JUP-USDC,250450,JUP,USDC,,,,,1772085600000,,,0.0001,0.001,10,live
SPOT,JUP-USDT,146494,JUP,USDT,,,,,1706713800000,,10,0.0001,0.001,10,live
SPOT,KAIA-EUR,251167,KAIA,EUR,,,,,1772431200000,,,0.00001,0.01,10,live
SPOT,KAIA-USDC,251187,KAIA,USDC,,,,,1772431200000,,,0.00001,0.01,10,live
SPOT,KAIA-USDT,182300,KAIA,USDT,,,,,1730358000000,,,0.00001,0.01,10,live
SPOT,KAITO-EUR,251808,KAITO,EUR,,,,,1773036000000,,,0.0001,0.001,1,live
SPOT,KAITO-TRY,403352,KAITO,TRY,,,,,1786348800000,,,0.01,0.0001,1,live
SPOT,KAITO-USDC,251788,KAITO,USDC,,,,,1773036000000,,,0.0001,0.001,1,live
SPOT,KAITO-USDT,198241,KAITO,USDT,,,,,1740052800000,,10,0.0001,0.001,1,live
SPOT,KAT-EUR,271787,KAT,EUR,,,,,1778486400000,,,0.000001,0.1,100,live
SPOT,KAT-TRY,253626,KAT,TRY,,,,,1773838800000,,,0.0001,0.01,100,live
SPOT,KAT-USDC,271786,KAT,USDC,,,,,1778486400000,,,0.000001,0.1,100,live
SPOT,KAT-USDT,253622,KAT,USDT,,,,,1773835200000,,,0.000001,0.1,100,live
SPOT,KITE-EUR,251168,KITE,EUR,,,,,1772431200000,,,0.00001,0.01,10,live
SPOT,KITE-TRY,252692,KITE,TRY,,,,,1773993600000,,,0.001,0.0001,10,live
SPOT,KITE-USDC,251188,KITE,USDC,,,,,1772431200000,,,0.00001,0.01,10,live
SPOT,KITE-USDT,234438,KITE,USDT,,,,,1762171200000,,,0.00001,0.01,10,live
SPOT,KMNO-EUR,251512,KMNO,EUR,,,,,1772690400000,,,0.00001,0.1,100,live
SPOT,KMNO-USDC,251532,KMNO,USDC,,,,,1772690400000,,,0.00001,0.1,100,live
SPOT,KMNO-USDT,212261,KMNO,USDT,,,,,1748570400000,,10,0.00001,0.1,100,live
SPOT,KNC-EUR,253594,KNC,EUR,,,,,1773900000000,,,0.00001,0.000001,10,live
SPOT,KNC-USDC,253614,KNC,USDC,,,,,1773900000000,,,0.00001,0.000001,10,live
SPOT,KNC-USDT,168,KNC,USDT,,,,,1611907686000,,,0.00001,0.000001,10,live
SPOT,KSM-EUR,251809,KSM,EUR,,,,,1773036000000,,,0.001,0.000001,0.1,live
SPOT,KSM-USDC,251789,KSM,USDC,,,,,1773036000000,,,0.001,0.000001,0.1,live
SPOT,KSM-USDT,1462,KSM,USDT,,,,,1611907686000,,10,0.001,0.000001,0.1,live
SPOT,LAT-USDC,475578,LAT,USDC,,,,,1790154000000,,,0.0000001,1,10000,live
SPOT,LAT-USDT,21251,LAT,USDT,,,,,1620788780000,,,0.0000001,0.00001,100,live
SPOT,LAYER-EUR,253596,LAYER,EUR,,,,,1773900000000,,,0.00001,0.001,10,live
SPOT,LAYER-TRY,252684,LAYER,TRY,,,,,1773388800000,,,0.001,0.001,10,live
SPOT,LAYER-USDC,253616,LAYER,USDC,,,,,1773900000000,,,0.00001,0.001,10,live
SPOT,LAYER-USDT,207712,LAYER,USDT,,,,,1745571600000,,10,0.00001,0.001,10,live
SPOT,LDO-EUR,151593,LDO,EUR,,,,,1710392400000,,,0.0001,0.0001,1,live
SPOT,LDO-USDC,250128,LDO,USDC,,,,,1771826400000,,,0.0001,0.0001,1,live
SPOT,LDO-USDT,99391,LDO,USDT,,,,,1662085287000,,10,0.0001,0.0001,1,live
SPOT,LEO-EUR,250415,LEO,EUR,,,,,1772085600000,,,0.001,0.000001,0.1,live
SPOT,LEO-USDC,250443,LEO,USDC,,,,,1772085600000,,,0.001,0.000001,0.1,live
SPOT,LEO-USDT,920,LEO,USDT,,,,,1611907686000,,,0.001,0.000001,0.1,live
SPOT,LINEA-EUR,252443,LINEA,EUR,,,,,1773295200000,,,0.000001,0.1,100,live
SPOT,LINEA-TRY,244363,LINEA,TRY,,,,,1768806000000,,,0.0001,0.01,100,live
SPOT,LINEA-USDC,252462,LINEA,USDC,,,,,1773295200000,,,0.000001,0.1,100,live
SPOT,LINEA-USDT,226408,LINEA,USDT,,,,,1757512800000,,10,0.000001,0.1,100,live
SPOT,LINK-EUR,138513,LINK,EUR,,,,,1700539860000,,,0.001,0.000001,0.1,live
SPOT,LINK-TRY,250911,LINK,TRY,,,,,1772784000000,,,0.01,0.00001,0.1,live
SPOT,LINK-USDC,230711,LINK,USDC,,,,,1759993200000,,,0.001,0.0001,0.1,live
SPOT,LINK-USDT,140,LINK,USDT,,,,,1611907686000,,10,0.001,0.000001,0.1,live
SPOT,LIT-TRY,248722,LIT,TRY,,,,,1770969600000,,,0.01,0.0001,1,live
SPOT,LIT-USDC,475594,LIT,USDC,,,,,1790154000000,,,0.0001,0.001,1,live
SPOT,LIT-USDT,244377,LIT,USDT,,,,,1768487400000,,10,0.0001,0.001,1,live
SPOT,LPT-EUR,251510,LPT,EUR,,,,,1772690400000,,,0.001,0.000001,0.1,live
SPOT,LPT-USDC,251530,LPT,USDC,,,,,1772690400000,,,0.001,0.000001,0.1,live
SPOT,LPT-USDT,18111,LPT,USDT,,,,,1617346935000,,10,0.001,0.000001,0.1,live
SPOT,LQTY-EUR,253620,LQTY,EUR,,,,,1773900000000,,,0.0001,0.0001,1,live
SPOT,LQTY-USDC,253600,LQTY,USDC,,,,,1773900000000,,,0.0001,0.0001,1,live
SPOT,LQTY-USDT,119864,LQTY,USDT,,,,,1682071200000,,10,0.0001,0.0001,1,live
SPOT,LRC-EUR,252435,LRC,EUR,,,,,1773295200000,,,0.000001,0.000001,100,live
SPOT,LRC-USDC,252454,LRC,USDC,,,,,1773295200000,,,0.000001,0.000001,100,live
SPOT,LRC-USDT,85,LRC,USDT,,,,,1611907686000,,10,0.000001,0.000001,100,live
SPOT,LSK-EUR,253590,LSK,EUR,,,,,1773900000000,,,0.00001,0.0000001,10,live
SPOT,LSK-USDC,253597,LSK,USDC,,,,,1773900000000,,,0.00001,0.0000001,10,live
SPOT,LSK-USDT,527,LSK,USDT,,,,,1611907686000,,,0.00001,0.0000001,10,live
SPOT,LTC-EUR,138519,LTC,EUR,,,,,1700539860000,,,0.01,0.000001,0.01,live
SPOT,LTC-TRY,250921,LTC,TRY,,,,,1772179200000,,,0.01,0.000001,0.01,live
SPOT,LTC-USDC,224016,LTC,USDC,,,,,1755763200000,,,0.01,0.00001,0.01,live
SPOT,LTC-USDT,7,LTC,USDT,,,,,1611907686000,,10,0.01,0.000001,0.01,live
SPOT,LUNA-EUR,253107,LUNA,EUR,,,,,1773640800000,,,0.00001,0.0001,10,live
SPOT,LUNA-TRY,243508,LUNA,TRY,,,,,1768201200000,,,0.001,0.001,10,live
SPOT,LUNA-USDC,253127,LUNA,USDC,,,,,1773640800000,,,0.00001,0.0001,10,live
SPOT,LUNA-USDT,86331,LUNA,USDT,,,,,1653732068000,,10,0.00001,0.0001,10,live
SPOT,MAGIC-EUR,254133,MAGIC,EUR,,,,,1774245600000,,,0.00001,0.000001,10,live
SPOT,MAGIC-TRY,252688,MAGIC,TRY,,,,,1773388800000,,,0.001,0.001,10,live
SPOT,MAGIC-USDC,254151,MAGIC,USDC,,,,,1774245600000,,,0.00001,0.000001,10,live
SPOT,MAGIC-USDT,53541,MAGIC,USDT,,,,,1644820802000,,10,0.00001,0.000001,10,live
SPOT,MANA-EUR,151592,MANA,EUR,,,,,1710392100000,,,0.00001,0.0001,10,live
SPOT,MANA-USDC,250102,MANA,USDC,,,,,1771826400000,,,0.00001,0.000001,10,live
SPOT,MANA-USDT,156,MANA,USDT,,,,,1611907686000,,10,0.00001,0.000001,10,live
SPOT,MASK-EUR,252446,MASK,EUR,,,,,1773295200000,,,0.0001,0.000001,1,live
SPOT,MASK-USDC,252465,MASK,USDC,,,,,1773295200000,,,0.0001,0.000001,1,live
SPOT,MASK-USDT,14956,MASK,USDT,,,,,1614182650000,,10,0.0001,0.000001,1,live
SPOT,ME-EUR,251804,ME,EUR,,,,,1773036000000,,,0.00001,0.001,10,live
SPOT,ME-USDC,251784,ME,USDC,,,,,1773036000000,,,0.00001,0.001,10,live
SPOT,ME-USDT,187499,ME,USDT,,,,,1733837400000,,10,0.00001,0.001,10,live
SPOT,MEGA-EUR,266810,MEGA,EUR,,,,,1777554000000,,,0.00001,0.01,10,live
SPOT,MEGA-USDC,266809,MEGA,USDC,,,,,1777554000000,,,0.00001,0.01,10,live
SPOT,MEGA-USDT,266770,MEGA,USDT,,,,,1777545000000,,,0.00001,0.01,10,live
SPOT,MEME-EUR,253106,MEME,EUR,,,,,1773640800000,,,0.0000001,0.1,1000,live
SPOT,MEME-USDC,253126,MEME,USDC,,,,,1773640800000,,,0.0000001,0.1,1000,live
SPOT,MEME-USDT,136837,MEME,USDT,,,,,1699000200000,,,0.0000001,0.1,1000,live
SPOT,MENGO-EUR,255190,MENGO,EUR,,,,,1774850400000,,,0.00001,0.0001,10,live
SPOT,MENGO-USDC,255203,MENGO,USDC,,,,,1774850400000,,,0.00001,0.0001,10,live
SPOT,MENGO-USDT,102096,MENGO,USDT,,,,,1663915563000,,,0.00001,0.0001,10,live
SPOT,MERL-EUR,252432,MERL,EUR,,,,,1773295200000,,,0.00001,0.001,10,live
SPOT,MERL-TRY,248724,MERL,TRY,,,,,1770969600000,,,0.001,0.001,10,live
SPOT,MERL-USDC,252451,MERL,USDC,,,,,1773295200000,,,0.00001,0.001,10,live
SPOT,MERL-USDT,155767,MERL,USDT,,,,,1713520800000,,10,0.00001,0.001,10,live
SPOT,MET-USDT,232943,MET,USDT,,,,,1761224400000,,10,0.0001,0.001,1,live
SPOT,METIS-EUR,254124,METIS,EUR,,,,,1774245600000,,,0.001,0.000001,0.1,live
SPOT,METIS-USDC,254141,METIS,USDC,,,,,1774245600000,,,0.001,0.000001,0.1,live
SPOT,METIS-USDT,53156,METIS,USDT,,,,,1644471246000,,,0.001,0.000001,0.1,live
SPOT,MEW-EUR,252436,MEW,EUR,,,,,1773295200000,,,0.0000001,1,1000,live
SPOT,MEW-USDC,252455,MEW,USDC,,,,,1773295200000,,,0.0000001,1,1000,live
SPOT,MEW-USDT,155612,MEW,USDT,,,,,1713168000000,,10,0.0000001,1,1000,live
SPOT,MINA-EUR,151583,MINA,EUR,,,,,1710389400000,,,0.00001,0.0001,10,live
SPOT,MINA-USDC,250099,MINA,USDC,,,,,1771826400000,,,0.00001,0.000001,10,live
SPOT,MINA-USDT,22913,MINA,USDT,,,,,1622459401000,,10,0.00001,0.000001,10,live
SPOT,MMT-EUR,254125,MMT,EUR,,,,,1774245600000,,,0.0001,0.01,10,live
SPOT,MMT-USDC,254143,MMT,USDC,,,,,1774245600000,,,0.0001,0.01,10,live
SPOT,MMT-USDT,234615,MMT,USDT,,,,,1762254000000,,,0.0001,0.01,10,live
SPOT,MON-EUR,254416,MON,EUR,,,,,1774263600000,,,0.00001,0.1,100,live
SPOT,MON-TRY,254415,MON,TRY,,,,,1774263600000,,,0.001,0.001,10,live
SPOT,MON-USDC,254417,MON,USDC,,,,,1774263600000,,,0.00001,0.1,100,live
SPOT,MON-USDT,254413,MON,USDT,,,,,1774260000000,,10,0.00001,0.1,100,live
SPOT,MOODENG-EUR,253105,MOODENG,EUR,,,,,1773640800000,,,0.00001,0.01,10,live
SPOT,MOODENG-USDC,253125,MOODENG,USDC,,,,,1773640800000,,,0.00001,0.01,10,live
SPOT,MOODENG-USDT,184752,MOODENG,USDT,,,,,1731668400000,,10,0.00001,0.01,10,live
SPOT,MORPHO-EUR,251175,MORPHO,EUR,,,,,1772431200000,,,0.0001,0.001,1,live
SPOT,MORPHO-USDC,251195,MORPHO,USDC,,,,,1772431200000,,,0.0001,0.001,1,live
SPOT,MORPHO-USDT,185213,MORPHO,USDT,,,,,1732179900000,,10,0.0001,0.001,1,live
SPOT,MOVE-EUR,251803,MOVE,EUR,,,,,1773036000000,,,0.000001,0.1,100,live
SPOT,MOVE-USDC,251783,MOVE,USDC,,,,,1773036000000,,,0.000001,0.1,100,live
SPOT,MOVE-USDT,187326,MOVE,USDT,,,,,1733742000000,,10,0.000001,0.1,100,live
SPOT,NAVX-EUR,255195,NAVX,EUR,,,,,1774850400000,,,0.000001,0.01,100,live
SPOT,NAVX-USDC,255208,NAVX,USDC,,,,,1774850400000,,,0.000001,0.01,100,live
SPOT,NAVX-USDT,203310,NAVX,USDT,,,,,1742893200000,,,0.000001,0.01,100,live
SPOT,NEAR-EUR,250420,NEAR,EUR,,,,,1772085600000,,,0.001,0.00000001,1,live
SPOT,NEAR-TRY,252697,NEAR,TRY,,,,,1773993600000,,,0.01,0.0001,0.1,live
SPOT,NEAR-USDC,250439,NEAR,USDC,,,,,1772085600000,,,0.001,0.00000001,1,live
SPOT,NEAR-USDT,1539,NEAR,USDT,,,,,1611907686000,,10,0.001,0.00000001,1,live
SPOT,NEIRO-EUR,253588,NEIRO,EUR,,,,,1773900000000,,,0.00000001,1,10000,live
SPOT,NEIRO-TRY,243515,NEIRO,TRY,,,,,1768201200000,,,0.000001,1,10000,live
SPOT,NEIRO-USDC,253608,NEIRO,USDC,,,,,1773900000000,,,0.00000001,1,10000,live
SPOT,NEIRO-USDT,180928,NEIRO,USDT,,,,,1729587600000,,10,0.00000001,1,10000,live
SPOT,NEO-EUR,233642,NEO,EUR,,,,,1761807600000,,,0.001,0.001,1,live
SPOT,NEO-USDC,229580,NEO,USDC,,,,,1759388400000,,,0.001,0.0001,0.1,live
SPOT,NEO-USDT,32,NEO,USDT,,,,,1611907686000,,10,0.001,0.000001,0.1,live
SPOT,NES-EUR,329629,NES,EUR,,,,,1782306370000,,,0.0001,0.01,10,live
SPOT,NES-TRY,329631,NES,TRY,,,,,1782306370000,,,0.001,0.001,1,live
SPOT,NES-USDC,329628,NES,USDC,,,,,1782306300000,,,0.0001,0.01,10,live
SPOT,NES-USDT,329422,NES,USDT,,,,,1782302400000,,,0.0001,0.01,10,live
SPOT,NFT-USDT,46125,NFT,USDT,,,,,1636612473000,,,0.0000000001,1,10000000,live
SPOT,NIGHT-EUR,250425,NIGHT,EUR,,,,,1772085600000,,,0.000001,0.1,100,live
SPOT,NIGHT-TRY,250910,NIGHT,TRY,,,,,1772784000000,,,0.0001,0.001,10,live
SPOT,NIGHT-USDC,250444,NIGHT,USDC,,,,,1772085600000,,,0.000001,0.1,100,live
SPOT,NIGHT-USDT,239496,NIGHT,USDT,,,,,1765270800000,,10,0.000001,0.1,100,live
SPOT,NMR-EUR,252430,NMR,EUR,,,,,1773295200000,,,0.001,0.000001,0.1,live
SPOT,NMR-USDC,252449,NMR,USDC,,,,,1773295200000,,,0.001,0.000001,0.1,live
SPOT,NMR-USDT,1480,NMR,USDT,,,,,1611907686000,,,0.001,0.000001,0.1,live
SPOT,NOT-EUR,253118,NOT,EUR,,,,,1773640800000,,,0.0000001,0.1,1000,live
SPOT,NOT-USDC,253138,NOT,USDC,,,,,1773640800000,,,0.0000001,0.1,1000,live
SPOT,NOT-USDT,158404,NOT,USDT,,,,,1715860800000,,10,0.0000001,0.1,1000,live
SPOT,OFC-EUR,258460,OFC,EUR,,,,,1775732400000,,,0.000001,0.1,100,live
SPOT,OFC-TRY,258459,OFC,TRY,,,,,1775732400000,,,0.0001,0.001,100,live
SPOT,OFC-USDC,258458,OFC,USDC,,,,,1775732400000,,,0.000001,0.1,100,live
SPOT,OFC-USDT,258280,OFC,USDT,,,,,1775725200000,,,0.000001,0.1,100,live
SPOT,OKB-BTC,10,OKB,BTC,,,,,1611907686000,,10,0.0000001,0.0001,0.01,live
SPOT,OKB-EUR,271780,OKB,EUR,,,,,1778486400000,,,0.01,0.00001,0.01,live
SPOT,OKB-TRY,271779,OKB,TRY,,,,,1778486400000,,,1,0.000001,0.01,live
SPOT,OKB-USDC,271781,OKB,USDC,,,,,1778486400000,,,0.01,0.00001,0.01,live
SPOT,OKB-USDT,9,OKB,USDT,,,,,1611907686000,,10,0.01,0.000001,0.01,live
SPOT,OKSOL-SOL,188027,OKSOL,SOL,,,,,1733902200000,,,0.0001,0.000001,0.01,live
SPOT,OKSOL-USDT,188026,OKSOL,USDT,,,,,1733900400000,,,0.01,0.000001,0.01,live
SPOT,OL-EUR,255185,OL,EUR,,,,,1774850400000,,,0.000001,0.1,100,live
SPOT,OL-USDC,255198,OL,USDC,,,,,1774850400000,,,0.000001,0.1,100,live
SPOT,OL-USDT,185081,OL,USDT,,,,,1732017600000,,,0.000001,0.1,100,live
SPOT,OMI-EUR,253619,OMI,EUR,,,,,1773900000000,,,0.0000001,0.001,1000,live
SPOT,OMI-USDC,253599,OMI,USDC,,,,,1773900000000,,,0.0000001,0.001,1000,live
SPOT,OMI-USDT,27223,OMI,USDT,,,,,1627880033000,,,0.0000001,0.001,1000,live
SPOT,ONDO-EUR,250421,ONDO,EUR,,,,,1772085600000,,,0.0001,0.001,1,live
SPOT,ONDO-TRY,248717,ONDO,TRY,,,,,1771574400000,,,0.01,0.0001,1,live
SPOT,ONDO-USDC,250440,ONDO,USDC,,,,,1772085600000,,,0.0001,0.001,1,live
SPOT,ONDO-USDT,168685,ONDO,USDT,,,,,1722240000000,,10,0.0001,0.001,1,live
SPOT,ONE-EUR,253617,ONE,EUR,,,,,1773900000000,,,0.000001,0.000001,100,live
SPOT,ONE-USDC,253610,ONE,USDC,,,,,1773900000000,,,0.000001,0.000001,100,live
SPOT,ONE-USDT,50536,ONE,USDT,,,,,1641438952000,,,0.000001,0.000001,100,live
SPOT,ONT-EUR,253115,ONT,EUR,,,,,1773640800000,,,0.00001,0.000001,10,live
SPOT,ONT-TRY,266697,ONT,TRY,,,,,1777536000000,,,0.001,0.001,10,live
SPOT,ONT-USDC,253135,ONT,USDC,,,,,1773640800000,,,0.00001,0.000001,10,live
SPOT,ONT-USDT,497,ONT,USDT,,,,,1611907686000,,10,0.00001,0.000001,10,live
SPOT,OP-EUR,151571,OP,EUR,,,,,1710393900000,,,0.00001,0.0001,10,live
SPOT,OP-TRY,248714,OP,TRY,,,,,1771574400000,,,0.001,0.001,10,live
SPOT,OP-USDC,250125,OP,USDC,,,,,1771826400000,,,0.00001,0.0001,10,live
SPOT,OP-USDT,86628,OP,USDT,,,,,1654009041000,,10,0.00001,0.0001,10,live
SPOT,ORBS-EUR,253583,ORBS,EUR,,,,,1773900000000,,,0.000001,0.000001,100,live
SPOT,ORBS-TRY,266691,ORBS,TRY,,,,,1777536000000,,,0.0001,0.01,100,live
SPOT,ORBS-USDC,253602,ORBS,USDC,,,,,1773900000000,,,0.000001,0.000001,100,live
SPOT,ORBS-USDT,1011,ORBS,USDT,,,,,1611907686000,,,0.000001,0.000001,100,live
SPOT,ORDI-EUR,252431,ORDI,EUR,,,,,1773295200000,,,0.001,0.0001,0.1,live
SPOT,ORDI-TRY,266682,ORDI,TRY,,,,,1777536000000,,,0.1,0.00001,0.1,live
SPOT,ORDI-USDC,252450,ORDI,USDC,,,,,1773295200000,,,0.001,0.0001,0.1,live
SPOT,ORDI-USDT,121996,ORDI,USDT,,,,,1684584000000,,10,0.001,0.0001,0.1,live
SPOT,PARTI-EUR,252445,PARTI,EUR,,,,,1773295200000,,,0.00001,0.01,10,live
SPOT,PARTI-TRY,244358,PARTI,TRY,,,,,1768806000000,,,0.001,0.001,10,live
SPOT,PARTI-USDC,252464,PARTI,USDC,,,,,1773295200000,,,0.00001,0.01,10,live
SPOT,PARTI-USDT,203180,PARTI,USDT,,,,,1742904000000,,,0.00001,0.01,10,live
SPOT,PAXG-TRY,252680,PAXG,TRY,,,,,1773388800000,,,0.1,0.00000001,0.0001,live
SPOT,PAXG-USDT,231644,PAXG,USDT,,,,,1760508000000,,10,0.1,0.000001,0.001,live
SPOT,PENDLE-EUR,251183,PENDLE,EUR,,,,,1772431200000,,,0.001,0.001,1,live
SPOT,PENDLE-USDC,251203,PENDLE,USDC,,,,,1772431200000,,,0.001,0.001,1,live
SPOT,PENDLE-USDT,175734,PENDLE,USDT,,,,,1727416800000,,,0.001,0.001,1,live
SPOT,PENGU-EUR,250110,PENGU,EUR,,,,,1771826400000,,,0.000001,1,100,live
SPOT,PENGU-TRY,244357,PENGU,TRY,,,,,1768806000000,,,0.0001,0.01,100,live
SPOT,PENGU-USDC,230720,PENGU,USDC,,,,,1759993200000,,,0.000001,0.1,100,live
SPOT,PENGU-USDT,189002,PENGU,USDT,,,,,1734440400000,,10,0.000001,1,100,live
SPOT,PEOPLE-EUR,253586,PEOPLE,EUR,,,,,1773900000000,,,0.000001,0.000001,100,live
SPOT,PEOPLE-USDC,253606,PEOPLE,USDC,,,,,1773900000000,,,0.000001,0.000001,100,live
SPOT,PEOPLE-USDT,47117,PEOPLE,USDT,,,,,1637907325000,,10,0.000001,0.000001,100,live
SPOT,PEPE-BRL,157760,PEPE,BRL,,,,,1715045400000,,,0.00000001,1,100000,live
SPOT,PEPE-EUR,250107,PEPE,EUR,,,,,1771826400000,,,0.000000001,1,100000,live
SPOT,PEPE-TRY,244352,PEPE,TRY,,,,,1768806000000,,,0.00000001,1,100000,live
SPOT,PEPE-USDC,224017,PEPE,USDC,,,,,1755763200000,,,0.000000001,1,100000,live
SPOT,PEPE-USDT,120636,PEPE,USDT,,,,,1682931600000,,10,0.000000001,1,100000,live
SPOT,PHA-TRY,252694,PHA,TRY,,,,,1773993600000,,,0.001,0.001,10,live
SPOT,PHA-USDT,1575,PHA,USDT,,,,,1611907686000,,,0.00001,0.000001,10,live
SPOT,PI-BRL,200713,PI,BRL,,,,,1741338000000,,,0.0001,0.001,10,live
SPOT,PI-EUR,200712,PI,EUR,,,,,1741336200000,,,0.00001,0.001,10,live
SPOT,PI-TRY,198331,PI,TRY,,,,,1740061800000,,,0.001,0.001,10,live
SPOT,PI-USDC,224007,PI,USDC,,,,,1755763200000,,,0.00001,0.01,10,live
SPOT,PI-USDT,197932,PI,USDT,,,,,1740034800000,,10,0.00001,0.001,10,live
SPOT,PIXEL-TRY,266695,PIXEL,TRY,,,,,1777536000000,,,0.0001,0.01,100,live
SPOT,PIXEL-USDT,170822,PIXEL,USDT,,,,,1723705200000,,,0.000001,0.01,100,live
SPOT,PNUT-EUR,252444,PNUT,EUR,,,,,1773295200000,,,0.00001,0.01,10,live
SPOT,PNUT-TRY,243514,PNUT,TRY,,,,,1768201200000,,,0.001,0.001,10,live
SPOT,PNUT-USDC,252463,PNUT,USDC,,,,,1773295200000,,,0.00001,0.01,10,live
SPOT,PNUT-USDT,183978,PNUT,USDT,,,,,1731318000000,,10,0.00001,0.01,10,live
SPOT,POL-EUR,250423,POL,EUR,,,,,1772085600000,,,0.00001,0.01,10,live
SPOT,POL-TRY,248720,POL,TRY,,,,,1770969600000,,,0.001,0.001,10,live
SPOT,POL-USDC,250442,POL,USDC,,,,,1772085600000,,,0.00001,0.01,10,live
SPOT,POL-USDT,173194,POL,USDT,,,,,1725451200000,,10,0.00001,0.01,10,live
SPOT,PONS-TRY,462440,PONS,TRY,,,,,1789482600000,,,0.01,0.0001,1,live
SPOT,PONS-USDT,462436,PONS,USDT,,,,,1789479000000,,,0.0001,0.01,10,live
SPOT,POR-EUR,255196,POR,EUR,,,,,1774850400000,,,0.00001,0.0001,10,live
SPOT,POR-USDC,255209,POR,USDC,,,,,1774850400000,,,0.00001,0.0001,10,live
SPOT,POR-USDT,102094,POR,USDT,,,,,1663915262000,,,0.00001,0.0001,10,live
SPOT,PROMPT-EUR,254137,PROMPT,EUR,,,,,1774245600000,,,0.00001,0.1,10,live
SPOT,PROMPT-USDC,254155,PROMPT,USDC,,,,,1774245600000,,,0.00001,0.1,10,live
SPOT,PROMPT-USDT,205298,PROMPT,USDT,,,,,1744286400000,,,0.00001,0.1,10,live
SPOT,PROS-EUR,272387,PROS,EUR,,,,,1778666400000,,,0.0001,0.001,1,live
SPOT,PROS-TRY,272388,PROS,TRY,,,,,1778666400000,,,0.01,0.0001,1,live
SPOT,PROS-USDC,272386,PROS,USDC,,,,,1778666400000,,,0.0001,0.001,1,live
SPOT,PROS-USDT,272382,PROS,USDT,,,,,1778662800000,,,0.0001,0.001,1,live
SPOT,PROVE-EUR,251795,PROVE,EUR,,,,,1773036000000,,,0.0001,0.001,1,live
SPOT,PROVE-USDC,251775,PROVE,USDC,,,,,1773036000000,,,0.0001,0.001,1,live
SPOT,PROVE-USDT,232283,PROVE,USDT,,,,,1760695200000,,,0.0001,0.001,1,live
SPOT,PUMP-EUR,250426,PUMP,EUR,,,,,1772085600000,,,0.000001,1,1000,live
SPOT,PUMP-TRY,243506,PUMP,TRY,,,,,1768201200000,,,0.00001,0.01,100,live
SPOT,PUMP-USDC,250445,PUMP,USDC,,,,,1772085600000,,,0.000001,1,1000,live
SPOT,PUMP-USDT,219083,PUMP,USDT,,,,,1752818400000,,10,0.000001,1,1000,live
SPOT,PYTH-EUR,251173,PYTH,EUR,,,,,1772431200000,,,0.00001,0.001,10,live
SPOT,PYTH-USDC,251193,PYTH,USDC,,,,,1772431200000,,,0.00001,0.001,10,live
SPOT,PYTH-USDT,138496,PYTH,USDT,,,,,1700490600000,,10,0.00001,0.001,10,live
SPOT,PYUSD-USDT,176279,PYUSD,USDT,,,,,1727953200000,,,0.0001,0.0001,1,live
SPOT,QTUM-EUR,251520,QTUM,EUR,,,,,1772690400000,,,0.0001,0.000001,1,live
SPOT,QTUM-USDC,251540,QTUM,USDC,,,,,1772690400000,,,0.0001,0.000001,1,live
SPOT,QTUM-USDT,24,QTUM,USDT,,,,,1611907686000,,10,0.0001,0.000001,1,live
SPOT,RAY-EUR,251505,RAY,EUR,,,,,1772690400000,,,0.0001,0.000001,1,live
SPOT,RAY-USDC,251525,RAY,USDC,,,,,1772690400000,,,0.0001,0.000001,1,live
SPOT,RAY-USDT,48918,RAY,USDT,,,,,1639723491000,,10,0.0001,0.000001,1,live
SPOT,RE-EUR,321347,RE,EUR,,,,,1781848800000,,,0.00001,0.01,10,live
SPOT,RE-TRY,320158,RE,TRY,,,,,1781791200000,,,0.001,0.0001,1,live
SPOT,RE-USDC,321343,RE,USDC,,,,,1781848800000,,,0.00001,0.01,10,live
SPOT,RE-USDT,319942,RE,USDT,,,,,1781787600000,,10,0.00001,0.01,10,live
SPOT,RENDER-EUR,250427,RENDER,EUR,,,,,1772085600000,,,0.001,0.001,1,live
SPOT,RENDER-TRY,248715,RENDER,TRY,,,,,1771574400000,,,0.01,0.0001,0.1,live
SPOT,RENDER-USDC,250446,RENDER,USDC,,,,,1772085600000,,,0.001,0.001,1,live
SPOT,RENDER-USDT,165972,RENDER,USDT,,,,,1721026800000,,10,0.001,0.001,1,live
SPOT,RESOLV-EUR,254132,RESOLV,EUR,,,,,1774245600000,,,0.00001,0.01,10,live
SPOT,RESOLV-TRY,243502,RESOLV,TRY,,,,,1768201200000,,,0.001,0.001,10,live
SPOT,RESOLV-USDC,254150,RESOLV,USDC,,,,,1774245600000,,,0.00001,0.01,10,live
SPOT,RESOLV-USDT,213347,RESOLV,USDT,,,,,1749560400000,,,0.00001,0.01,10,live
SPOT,RLUSD-USDT,265986,RLUSD,USDT,,,,,1777467600000,,,0.0001,0.001,1,live
SPOT,ROBO-EUR,253145,ROBO,EUR,,,,,1773640800000,,,0.000001,0.1,100,live
SPOT,ROBO-TRY,252008,ROBO,TRY,,,,,1772704800000,,,0.0001,0.001,100,live
SPOT,ROBO-USDC,253144,ROBO,USDC,,,,,1773640800000,,,0.000001,0.1,100,live
SPOT,ROBO-USDT,252001,ROBO,USDT,,,,,1772701200000,,,0.000001,0.1,100,live
SPOT,RON-EUR,251806,RON,EUR,,,,,1773036000000,,,0.00001,0.000001,10,live
SPOT,RON-USDC,251786,RON,USDC,,,,,1773036000000,,,0.00001,0.000001,10,live
SPOT,RON-USDT,52176,RON,USDT,,,,,1643287644000,,,0.00001,0.000001,10,live
SPOT,RPL-EUR,253621,RPL,EUR,,,,,1773900000000,,,0.001,0.0001,0.1,live
SPOT,RPL-USDC,253601,RPL,USDC,,,,,1773900000000,,,0.001,0.0001,0.1,live
SPOT,RPL-USDT,116006,RPL,USDT,,,,,1677664800000,,,0.001,0.0001,0.1,live
SPOT,RSR-EUR,251517,RSR,EUR,,,,,1772690400000,,,0.000001,0.000001,100,live
SPOT,RSR-USDC,251537,RSR,USDC,,,,,1772690400000,,,0.000001,0.000001,100,live
SPOT,RSR-USDT,1451,RSR,USDT,,,,,1611907686000,,10,0.000001,0.000001,100,live
SPOT,RVN-EUR,251522,RVN,EUR,,,,,1772690400000,,,0.000001,0.000001,100,live
SPOT,RVN-USDC,251542,RVN,USDC,,,,,1772690400000,,,0.000001,0.000001,100,live
SPOT,RVN-USDT,1282,RVN,USDT,,,,,1611907686000,,,0.000001,0.000001,100,live
SPOT,S-EUR,255188,S,EUR,,,,,1774850400000,,,0.00001,0.001,10,live
SPOT,S-USDC,255201,S,USDC,,,,,1774850400000,,,0.00001,0.001,10,live
SPOT,S-USDT,193922,S,USDT,,,,,1737439200000,,10,0.00001,0.001,10,live
SPOT,SAFE-EUR,251800,SAFE,EUR,,,,,1773036000000,,,0.00001,0.001,10,live
SPOT,SAFE-USDC,251780,SAFE,USDC,,,,,1773036000000,,,0.00001,0.001,10,live
SPOT,SAFE-USDT,156491,SAFE,USDT,,,,,1713857400000,,,0.00001,0.001,10,live
SPOT,SAHARA-EUR,253112,SAHARA,EUR,,,,,1773640800000,,,0.000001,0.1,100,live
SPOT,SAHARA-TRY,252683,SAHARA,TRY,,,,,1773388800000,,,0.0001,0.001,100,live
SPOT,SAHARA-USDC,253132,SAHARA,USDC,,,,,1773640800000,,,0.000001,0.1,100,live
SPOT,SAHARA-USDT,215687,SAHARA,USDT,,,,,1750935600000,,,0.000001,0.1,100,live
SPOT,SAND-EUR,151586,SAND,EUR,,,,,1710390300000,,,0.00001,0.0001,10,live
SPOT,SAND-TRY,266734,SAND,TRY,,,,,1777537800000,,,0.001,0.001,10,live
SPOT,SAND-USDC,250131,SAND,USDC,,,,,1771826400000,,,0.00001,0.000001,10,live
SPOT,SAND-USDT,16991,SAND,USDT,,,,,1616054895000,,10,0.00001,0.000001,10,live
SPOT,SATS-EUR,254129,SATS,EUR,,,,,1774245600000,,,0.000000000001,1,100000000,live
SPOT,SATS-USDC,254147,SATS,USDC,,,,,1774245600000,,,0.000000000001,1,100000000,live
SPOT,SATS-USDT,141401,SATS,USDT,,,,,1702886400000,,10,0.000000000001,1,100000000,live
SPOT,SCR-EUR,254423,SCR,EUR,,,,,1774504800000,,,0.00001,0.001,10,live
SPOT,SCR-USDC,254436,SCR,USDC,,,,,1774504800000,,,0.00001,0.001,10,live
SPOT,SCR-USDT,182621,SCR,USDT,,,,,1730703600000,,,0.00001,0.001,10,live
SPOT,SD-USDT,80438,SD,USDT,,,,,1647338573000,,,0.00001,0.000001,10,live
SPOT,SEI-EUR,250430,SEI,EUR,,,,,1772085600000,,,0.00001,0.01,10,live
SPOT,SEI-TRY,252689,SEI,TRY,,,,,1773993600000,,,0.001,0.001,10,live
SPOT,SEI-USDC,250449,SEI,USDC,,,,,1772085600000,,,0.00001,0.01,10,live
SPOT,SEI-USDT,235992,SEI,USDT,,,,,1763100000000,,10,0.00001,0.01,10,live
SPOT,SENT-EUR,251177,SENT,EUR,,,,,1772431200000,,,0.00001,0.1,100,live
SPOT,SENT-TRY,248723,SENT,TRY,,,,,1770969600000,,,0.001,0.001,10,live
SPOT,SENT-USDC,251197,SENT,USDC,,,,,1772431200000,,,0.00001,0.1,100,live
SPOT,SENT-USDT,246135,SENT,USDT,,,,,1769511600000,,,0.00001,0.1,100,live
SPOT,SHIB-EUR,138515,SHIB,EUR,,,,,1700539860000,,,0.000000001,1,50000,live
SPOT,SHIB-TRY,244361,SHIB,TRY,,,,,1768806000000,,,0.0000001,1,100000,live
SPOT,SHIB-USDC,250113,SHIB,USDC,,,,,1771826400000,,,0.000000001,1,100000,live
SPOT,SHIB-USDT,20937,SHIB,USDT,,,,,1620446728000,,10,0.000000001,1,100000,live
SPOT,SKL-EUR,253116,SKL,EUR,,,,,1773640800000,,,0.000001,0.000001,100,live
SPOT,SKL-USDC,253136,SKL,USDC,,,,,1773640800000,,,0.000001,0.000001,100,live
SPOT,SKL-USDT,17783,SKL,USDT,,,,,1617007316000,,,0.000001,0.000001,100,live
SPOT,SKY-EUR,250417,SKY,EUR,,,,,1772085600000,,,0.00001,0.1,100,live
SPOT,SKY-USDC,250436,SKY,USDC,,,,,1772085600000,,,0.00001,0.1,100,live
SPOT,SKY-USDT,226625,SKY,USDT,,,,,1757584800000,,10,0.00001,0.1,100,live
SPOT,SLP-USDT,28324,SLP,USDT,,,,,1629354310000,,,0.0000001,0.000001,100,live
SPOT,SLX-EUR,354448,SLX,EUR,,,,,1783684800000,,,0.00001,0.01,10,live
SPOT,SLX-TRY,354439,SLX,TRY,,,,,1783684800000,,,0.001,0.001,10,live
SPOT,SLX-USDC,354443,SLX,USDC,,,,,1783684800000,,,0.00001,0.01,10,live
SPOT,SLX-USDT,353892,SLX,USDT,,,,,1783681200000,,,0.00001,0.01,10,live
SPOT,SNT-EUR,252438,SNT,EUR,,,,,1773295200000,,,0.000001,0.000001,100,live
SPOT,SNT-USDC,252457,SNT,USDC,,,,,1773295200000,,,0.000001,0.000001,100,live
SPOT,SNT-USDT,69,SNT,USDT,,,,,1611907686000,,,0.000001,0.000001,100,live
SPOT,SNX-EUR,151584,SNX,EUR,,,,,1710389700000,,,0.0001,0.0001,1,live
SPOT,SNX-TRY,250903,SNX,TRY,,,,,1772784000000,,,0.01,0.0001,1,live
SPOT,SNX-USDC,233643,SNX,USDC,,,,,1761721200000,,,0.0001,0.001,1,live
SPOT,SNX-USDT,1391,SNX,USDT,,,,,1611907686000,,10,0.0001,0.000001,1,live
SPOT,SOL-AED,187851,SOL,AED,,,,,1733799900000,,,0.1,0.0000001,0.01,live
SPOT,SOL-AUD,187841,SOL,AUD,,,,,1733798100000,,,0.01,0.000001,0.01,live
SPOT,SOL-BRL,157759,SOL,BRL,,,,,1733799300000,,,0.1,0.000001,0.01,live
SPOT,SOL-BTC,1516,SOL,BTC,,,,,1611907686000,,10,0.0000001,0.0001,0.01,live
SPOT,SOL-EUR,138511,SOL,EUR,,,,,1700539860000,,,0.01,0.000001,0.01,live
SPOT,SOL-TRY,187854,SOL,TRY,,,,,1733798700000,,,0.1,0.0000001,0.01,live
SPOT,SOL-USDC,224010,SOL,USDC,,,,,1755763200000,,,0.01,0.00001,0.01,live
SPOT,SOL-USDT,1514,SOL,USDT,,,,,1611907686000,,10,0.01,0.000001,0.01,live
SPOT,SONIC-EUR,251511,SONIC,EUR,,,,,1772690400000,,,0.00001,0.01,10,live
SPOT,SONIC-USDC,251531,SONIC,USDC,,,,,1772690400000,,,0.00001,0.01,10,live
SPOT,SONIC-USDT,191475,SONIC,USDT,,,,,1736247600000,,,0.00001,0.01,10,live
SPOT,SOPH-EUR,431760,SOPH,EUR,,,,,1787817600000,,,0.000001,1,1000,live
SPOT,SOPH-USDC,431750,SOPH,USDC,,,,,1787817600000,,,0.000001,1,1000,live
SPOT,SOPH-USDT,211871,SOPH,USDT,,,,,1748433600000,,,0.000001,0.1,100,live
SPOT,SPACE-EUR,255189,SPACE,EUR,,,,,1774850400000,,,0.000001,1,1000,live
SPOT,SPACE-TRY,248727,SPACE,TRY,,,,,1770969600000,,,0.0001,0.01,100,live
SPOT,SPACE-USDC,255202,SPACE,USDC,,,,,1774850400000,,,0.000001,1,1000,live
SPOT,SPACE-USDT,245702,SPACE,USDT,,,,,1769166000000,,,0.000001,1,1000,live
SPOT,SPK-EUR,252434,SPK,EUR,,,,,1773295200000,,,0.00001,0.1,100,live
SPOT,SPK-USDC,252453,SPK,USDC,,,,,1773295200000,,,0.00001,0.1,100,live
SPOT,SPK-USDT,214703,SPK,USDT,,,,,1750150800000,,10,0.00001,0.1,100,live
SPOT,SPURS-EUR,255192,SPURS,EUR,,,,,1774850400000,,,0.00001,0.0001,10,live
SPOT,SPURS-USDC,255205,SPURS,USDC,,,,,1774850400000,,,0.00001,0.0001,10,live
SPOT,SPURS-USDT,136073,SPURS,USDT,,,,,1698314400000,,,0.00001,0.0001,10,live
SPOT,SSV-EUR,252429,SSV,EUR,,,,,1773295200000,,,0.001,0.0001,0.1,live
SPOT,SSV-USDC,252448,SSV,USDC,,,,,1773295200000,,,0.001,0.0001,0.1,live
SPOT,SSV-USDT,116004,SSV,USDT,,,,,1677664800000,,10,0.001,0.0001,0.1,live
SPOT,STETH-ETH,126793,STETH,ETH,,,,,1689674400000,,,0.0001,0.000001,0.001,live
SPOT,STETH-USDT,126792,STETH,USDT,,,,,1689674400000,,,0.01,0.000001,0.001,live
SPOT,STRK-EUR,251174,STRK,EUR,,,,,1772431200000,,,0.00001,0.0001,10,live
SPOT,STRK-TRY,243509,STRK,TRY,,,,,1768201200000,,,0.001,0.001,10,live
SPOT,STRK-USDC,251194,STRK,USDC,,,,,1772431200000,,,0.00001,0.0001,10,live
SPOT,STRK-USDT,148923,STRK,USDT,,,,,1708432800000,,10,0.00001,0.0001,10,live
SPOT,STX-EUR,151569,STX,EUR,,,,,1710385200000,,,0.0001,0.0001,1,live
SPOT,STX-TRY,248711,STX,TRY,,,,,1771574400000,,,0.01,0.0001,1,live
SPOT,STX-USDC,250112,STX,USDC,,,,,1771826400000,,,0.0001,0.000001,1,live
SPOT,STX-USDT,15722,STX,USDT,,,,,1614853497000,,10,0.0001,0.000001,1,live
SPOT,SUI-EUR,158129,SUI,EUR,,,,,1715072400000,,,0.0001,0.0001,1,live
SPOT,SUI-TRY,244354,SUI,TRY,,,,,1768806000000,,,0.01,0.0001,1,live
SPOT,SUI-USDC,224018,SUI,USDC,,,,,1755763200000,,,0.0001,0.001,1,live
SPOT,SUI-USDT,120776,SUI,USDT,,,,,1683114000000,,10,0.0001,0.0001,1,live
SPOT,SUSHI-EUR,137951,SUSHI,EUR,,,,,1700049745000,,,0.0001,0.0001,1,live
SPOT,SUSHI-USDC,250091,SUSHI,USDC,,,,,1771826400000,,,0.0001,0.000001,1,live
SPOT,SUSHI-USDT,1456,SUSHI,USDT,,,,,1611907686000,,10,0.0001,0.000001,1,live
SPOT,SWFTC-EUR,253121,SWFTC,EUR,,,,,1773640800000,,,0.000001,0.000001,100,live
SPOT,SWFTC-USDC,253141,SWFTC,USDC,,,,,1773640800000,,,0.000001,0.000001,100,live
SPOT,SWFTC-USDT,243,SWFTC,USDT,,,,,1611907686000,,,0.000001,0.000001,100,live
SPOT,T-EUR,251807,T,EUR,,,,,1773036000000,,,0.000001,0.0001,100,live
SPOT,T-USDC,251787,T,USDC,,,,,1773036000000,,,0.000001,0.0001,100,live
SPOT,T-USDT,81522,T,USDT,,,,,1648699657000,,,0.000001,0.0001,100,live
SPOT,TAO-EUR,338360,TAO,EUR,,,,,1782820800000,,,0.1,0.00001,0.01,live
SPOT,TAO-TRY,338367,TAO,TRY,,,,,1782820800000,,,0.1,0.000001,0.001,live
SPOT,TAO-USDC,338350,TAO,USDC,,,,,1782820800000,,,0.1,0.00001,0.01,live
SPOT,TAO-USDT,338326,TAO,USDT,,,,,1782817200000,,10,0.1,0.00001,0.01,live
SPOT,THETA-EUR,233640,THETA,EUR,,,,,1761807600000,,,0.0001,0.01,10,live
SPOT,THETA-USDC,229581,THETA,USDC,,,,,1759388400000,,,0.0001,0.001,1,live
SPOT,THETA-USDT,377,THETA,USDT,,,,,1611907686000,,10,0.0001,0.000001,1,live
SPOT,TIA-EUR,251171,TIA,EUR,,,,,1772431200000,,,0.0001,0.0001,1,live
SPOT,TIA-TRY,243513,TIA,TRY,,,,,1768201200000,,,0.01,0.0001,1,live
SPOT,TIA-USDC,251191,TIA,USDC,,,,,1772431200000,,,0.0001,0.0001,1,live
SPOT,TIA-USDT,136592,TIA,USDT,,,,,1698775200000,,10,0.0001,0.0001,1,live
SPOT,TNSR-EUR,254134,TNSR,EUR,,,,,1774245600000,,,0.00001,0.0001,10,live
SPOT,TNSR-TRY,252681,TNSR,TRY,,,,,1773388800000,,,0.001,0.001,10,live
SPOT,TNSR-USDC,254152,TNSR,USDC,,,,,1774245600000,,,0.00001,0.0001,10,live
SPOT,TNSR-USDT,154561,TNSR,USDT,,,,,1712589300000,,,0.00001,0.0001,10,live
SPOT,TOSHI-EUR,251811,TOSHI,EUR,,,,,1773036000000,,,0.00000001,1,10000,live
SPOT,TOSHI-USDC,251791,TOSHI,USDC,,,,,1773036000000,,,0.00000001,1,10000,live
SPOT,TOSHI-USDT,230499,TOSHI,USDT,,,,,1759838400000,,,0.00000001,1,10000,live
SPOT,TRA-EUR,255191,TRA,EUR,,,,,1774850400000,,,0.0001,0.000001,1,live
SPOT,TRA-USDC,255204,TRA,USDC,,,,,1774850400000,,,0.0001,0.000001,1,live
SPOT,TRA-USDT,18674,TRA,USDT,,,,,1617963219000,,,0.0001,0.000001,1,live
SPOT,TRB-EUR,253117,TRB,EUR,,,,,1773640800000,,,0.01,0.000001,0.01,live
SPOT,TRB-USDC,253137,TRB,USDC,,,,,1773640800000,,,0.01,0.000001,0.01,live
SPOT,TRB-USDT,1445,TRB,USDT,,,,,1611907686000,,10,0.01,0.000001,0.01,live
SPOT,TRUMP-AUD,194143,TRUMP,AUD,,,,,1737543000000,,,0.001,0.0001,0.1,live
SPOT,TRUMP-BRL,194140,TRUMP,BRL,,,,,1737542100000,,,0.01,0.0001,0.1,live
SPOT,TRUMP-EUR,194142,TRUMP,EUR,,,,,1737542700000,,,0.001,0.0001,0.1,live
SPOT,TRUMP-TRY,193998,TRUMP,TRY,,,,,1737455400000,,,0.1,0.0000001,0.1,live
SPOT,TRUMP-USDC,250120,TRUMP,USDC,,,,,1771826400000,,,0.001,0.0001,0.1,live
SPOT,TRUMP-USDT,193691,TRUMP,USDT,,,,,1737259200000,,10,0.001,0.0001,0.1,live
SPOT,TRX-EUR,138518,TRX,EUR,,,,,1700539860000,,,0.00001,0.000001,10,live
SPOT,TRX-TRY,243504,TRX,TRY,,,,,1768201200000,,,0.001,0.0001,1,live
SPOT,TRX-USDC,224013,TRX,USDC,,,,,1755763200000,,,0.00001,0.01,1,live
SPOT,TRX-USDT,11,TRX,USDT,,,,,1611907686000,,10,0.00001,0.000001,1,live
SPOT,TURBO-EUR,251801,TURBO,EUR,,,,,1773036000000,,,0.0000001,0.01,1000,live
SPOT,TURBO-TRY,252685,TURBO,TRY,,,,,1773388800000,,,0.00001,0.1,1000,live
SPOT,TURBO-USDC,251781,TURBO,USDC,,,,,1773036000000,,,0.0000001,0.01,1000,live
SPOT,TURBO-USDT,122059,TURBO,USDT,,,,,1684742400000,,10,0.0000001,0.01,1000,live
SPOT,UMA-EUR,252447,UMA,EUR,,,,,1773295200000,,,0.0001,0.000001,1,live
SPOT,UMA-USDC,252466,UMA,USDC,,,,,1773295200000,,,0.0001,0.000001,1,live
SPOT,UMA-USDT,1454,UMA,USDT,,,,,1611907686000,,10,0.0001,0.000001,1,live
SPOT,UNI-EUR,138522,UNI,EUR,,,,,1700539860000,,,0.001,0.000001,0.1,live
SPOT,UNI-TRY,250916,UNI,TRY,,,,,1772179200000,,,0.01,0.00001,0.1,live
SPOT,UNI-USDC,230717,UNI,USDC,,,,,1759993200000,,,0.001,0.0001,0.1,live
SPOT,UNI-USDT,13,UNI,USDT,,,,,1611907686000,,10,0.001,0.000001,0.1,live
SPOT,USAT-USDT,246155,USAT,USDT,,,,,1769522400000,,,0.0001,0.001,1,live
SPOT,USD1-USDT,225747,USD1,USDT,,,,,1756807200000,,,0.0001,0.0001,1,live
SPOT,USDC-AUD,170618,USDC,AUD,,,,,1723780800000,,,0.0001,0.0001,1,live
SPOT,USDC-BRL,157758,USDC,BRL,,,,,1715044800000,,,0.0001,0.00001,1,live
SPOT,USDC-EUR,138509,USDC,EUR,,,,,1700539860000,,,0.00001,0.000001,1,live
SPOT,USDC-PLN,485655,USDC,PLN,,,,,1790740800000,,,0.001,0.001,1,live
SPOT,USDC-SGD,189536,USDC,SGD,,,,,1734678600000,,,0.0001,0.001,1,live
SPOT,USDC-TRY,243501,USDC,TRY,,,,,1768201200000,,,0.01,0.0001,0.1,live
SPOT,USDC-USDT,648,USDC,USDT,,,,,1611907686000,,10,0.00001,0.000001,1,live
SPOT,USDG-BRL,372171,USDG,BRL,,,,,1784714400000,,,0.0001,0.00001,1,live
SPOT,USDG-EUR,250106,USDG,EUR,,,,,1771826400000,,,0.0001,0.0001,1,live
SPOT,USDG-SGD,307040,USDG,SGD,,,,,1781076600000,,,0.0001,0.001,1,live
SPOT,USDG-USDT,213767,USDG,USDT,,,,,1749643200000,,,0.0001,0.0001,1,live
SPOT,USDS-USDT,261339,USDS,USDT,,,,,1776412800000,,,0.0001,0.001,1,live
SPOT,USDT-AED,164583,USDT,AED,,,,,1726545600000,,,0.001,0.0001,1,live
SPOT,USDT-AUD,170617,USDT,AUD,,,,,1723779000000,,,0.0001,0.0001,1,live
SPOT,USDT-BRL,147328,USDT,BRL,,,,,1707361200000,,,0.0001,0.00001,1,live
SPOT,USDT-EUR,137950,USDT,EUR,,,,,1700049040000,,,0.0001,0.0001,1,live
SPOT,USDT-SGD,189535,USDT,SGD,,,,,1734678000000,,,0.0001,0.001,1,live
SPOT,USDT-TRY,136694,USDT,TRY,,,,,1698894300000,,,0.001,0.0001,1,live
SPOT,USDT-USD,187361,USDT,USD,,,,,1733452200000,,,0.00001,0.0001,1,live
SPOT,VELO-EUR,252439,VELO,EUR,,,,,1773295200000,,,0.000001,0.000001,100,live
SPOT,VELO-USDC,252458,VELO,USDC,,,,,1773295200000,,,0.000001,0.000001,100,live
SPOT,VELO-USDT,16158,VELO,USDT,,,,,1615192253000,,,0.000001,0.000001,100,live
SPOT,VELODROME-EUR,254425,VELODROME,EUR,,,,,1774504800000,,,0.00001,0.0001,10,live
SPOT,VELODROME-USDC,254438,VELODROME,USDC,,,,,1774504800000,,,0.00001,0.0001,10,live
SPOT,VELODROME-USDT,117167,VELODROME,USDT,,,,,1679040000000,,,0.00001,0.0001,10,live
SPOT,VINE-USDT,194814,VINE,USDT,,,,,1737882000000,,,0.000001,0.01,100,live
SPOT,VIRTUAL-EUR,251166,VIRTUAL,EUR,,,,,1772431200000,,,0.0001,0.001,1,live
SPOT,VIRTUAL-USDC,251186,VIRTUAL,USDC,,,,,1772431200000,,,0.0001,0.001,1,live
SPOT,VIRTUAL-USDT,233542,VIRTUAL,USDT,,,,,1761634800000,,10,0.0001,0.001,1,live
SPOT,VVV-TRY,462431,VVV,TRY,,,,,1789480800000,,,0.1,0.00001,0.01,live
SPOT,VVV-USDT,462422,VVV,USDT,,,,,1789477200000,,,0.01,0.0001,0.1,live
SPOT,W-EUR,251515,W,EUR,,,,,1772690400000,,,0.000001,0.0001,100,live
SPOT,W-TRY,248712,W,TRY,,,,,1771574400000,,,0.0001,0.01,100,live
SPOT,W-USDC,251535,W,USDC,,,,,1772690400000,,,0.000001,0.0001,100,live
SPOT,W-USDT,153939,W,USDT,,,,,1712145600000,,10,0.000001,0.0001,100,live
SPOT,WAXP-EUR,253589,WAXP,EUR,,,,,1773900000000,,,0.000001,0.000001,100,live
SPOT,WAXP-USDC,253609,WAXP,USDC,,,,,1773900000000,,,0.000001,0.000001,100,live
SPOT,WAXP-USDT,53219,WAXP,USDT,,,,,1644555324000,,,0.000001,0.000001,100,live
SPOT,WCT-EUR,254138,WCT,EUR,,,,,1774245600000,,,0.00001,0.01,10,live
SPOT,WCT-TRY,250907,WCT,TRY,,,,,1772784000000,,,0.001,0.001,10,live
SPOT,WCT-USDC,254156,WCT,USDC,,,,,1774245600000,,,0.00001,0.01,10,live
SPOT,WCT-USDT,206194,WCT,USDT,,,,,1744711200000,,10,0.00001,0.01,10,live
SPOT,WET-USDT,239592,WET,USDT,,,,,1765288800000,,,0.00001,0.01,10,live
SPOT,WIF-EUR,158132,WIF,EUR,,,,,1715074200000,,,0.0001,0.001,1,live
SPOT,WIF-TRY,244351,WIF,TRY,,,,,1768806000000,,,0.01,0.0001,1,live
SPOT,WIF-USDC,233638,WIF,USDC,,,,,1761721200000,,,0.0001,0.001,1,live
SPOT,WIF-USDT,155613,WIF,USDT,,,,,1713171600000,,10,0.0001,0.001,1,live
SPOT,WIN-EUR,254130,WIN,EUR,,,,,1774245600000,,,0.00000001,1,10000,live
SPOT,WIN-USDC,254148,WIN,USDC,,,,,1774245600000,,,0.00000001,1,10000,live
SPOT,WIN-USDT,47665,WIN,USDT,,,,,1638426346000,,,0.00000001,1,10000,live
SPOT,WLD-EUR,250422,WLD,EUR,,,,,1772085600000,,,0.0001,0.001,1,live
SPOT,WLD-TRY,250915,WLD,TRY,,,,,1772179200000,,,0.01,0.0001,1,live
SPOT,WLD-USDC,250441,WLD,USDC,,,,,1772085600000,,,0.0001,0.001,1,live
SPOT,WLD-USDT,127382,WLD,USDT,,,,,1690190400000,,10,0.0001,0.001,1,live
SPOT,WLFI-EUR,250416,WLFI,EUR,,,,,1772085600000,,,0.00001,0.01,10,live
SPOT,WLFI-TRY,248713,WLFI,TRY,,,,,1771574400000,,,0.001,0.001,10,live
SPOT,WLFI-USDC,250435,WLFI,USDC,,,,,1772085600000,,,0.00001,0.01,10,live
SPOT,WLFI-USDT,225606,WLFI,USDT,,,,,1756728000000,,10,0.00001,0.01,10,live
SPOT,WOO-EUR,152589,WOO,EUR,,,,,1710988200000,,,0.00001,0.000001,10,live
SPOT,WOO-USDC,250103,WOO,USDC,,,,,1771826400000,,,0.00001,0.000001,10,live
SPOT,WOO-USDT,48805,WOO,USDT,,,,,1639549699000,,,0.00001,0.000001,10,live
SPOT,XAAOI-USDT,407567,XAAOI,USDT,,,,,1786600800000,,10,0.01,0.00001,0.01,live
SPOT,XAAPL-USDC,467266,XAAPL,USDC,,,,,1789722000000,,,0.01,0.00001,0.01,live
SPOT,XAAPL-USDT,362276,XAAPL,USDT,,,,,1784181600000,,10,0.01,0.00001,0.01,live
SPOT,XADBE-USDT,382993,XADBE,USDT,,,,,1785294000000,,10,0.01,0.00001,0.01,live
SPOT,XALAB-USDT,407579,XALAB,USDT,,,,,1786694400000,,10,0.01,0.00001,0.01,live
SPOT,XAMAT-USDT,382991,XAMAT,USDT,,,,,1785290400000,,10,0.01,0.00001,0.01,live
SPOT,XAMD-USDC,449546,XAMD,USDC,,,,,1788825600000,,,0.01,0.000001,0.001,live
SPOT,XAMD-USDT,362274,XAMD,USDT,,,,,1784187000000,,10,0.01,0.000001,0.001,live
SPOT,XAMZN-USDC,467282,XAMZN,USDC,,,,,1789723800000,,,0.01,0.00001,0.01,live
SPOT,XAMZN-USDT,362273,XAMZN,USDT,,,,,1784187000000,,10,0.01,0.00001,0.01,live
SPOT,XAPLD-USDT,418065,XAPLD,USDT,,,,,1787211000000,,10,0.01,0.0001,0.1,live
SPOT,XAPP-USDT,407580,XAPP,USDT,,,,,1786696200000,,10,0.01,0.00001,0.01,live
SPOT,XARM-USDT,407570,XARM,USDT,,,,,1786606200000,,10,0.01,0.00001,0.01,live
SPOT,XASML-USDT,382990,XASML,USDT,,,,,1785288600000,,10,0.1,0.000001,0.001,live
SPOT,XASTS-USDT,374677,XASTS,USDT,,,,,1784881800000,,10,0.01,0.00001,0.01,live
SPOT,XAUT-TRY,246329,XAUT,TRY,,,,,1769673600000,,,0.01,0.00000001,0.0001,live
SPOT,XAUT-USDT,93588,XAUT,USDT,,,,,1658200770000,,10,0.1,0.000001,0.001,live
SPOT,XAVGO-USDT,362269,XAVGO,USDT,,,,,1784187000000,,10,0.01,0.00001,0.01,live
SPOT,XBE-USDT,407573,XBE,USDT,,,,,1786611600000,,10,0.01,0.00001,0.01,live
SPOT,XBMNR-USDT,374676,XBMNR,USDT,,,,,1784880000000,,10,0.01,0.0001,0.1,live
SPOT,XBOT-USDT,414907,XBOT,USDT,,,,,1787038200000,,10,0.01,0.0001,0.1,live
SPOT,XBSP-USDT,407576,XBSP,USDT,,,,,1786689000000,,10,0.01,0.0001,0.1,live
SPOT,XBX-USDT,418063,XBX,USDT,,,,,1787207400000,,10,0.01,0.00001,0.01,live
SPOT,XCBRS-USDC,449544,XCBRS,USDC,,,,,1788825600000,,,0.01,0.00001,0.01,live
SPOT,XCBRS-USDT,407569,XCBRS,USDT,,,,,1786604400000,,10,0.01,0.00001,0.01,live
SPOT,XCH-EUR,253110,XCH,EUR,,,,,1773640800000,,,0.001,0.000001,0.1,live
SPOT,XCH-USDC,253130,XCH,USDC,,,,,1773640800000,,,0.001,0.000001,0.1,live
SPOT,XCH-USDT,20557,XCH,USDT,,,,,1620050929000,,,0.001,0.000001,0.1,live
SPOT,XCIEN-USDT,414919,XCIEN,USDT,,,,,1787131800000,,10,0.01,0.00001,0.01,live
SPOT,XCOHR-USDT,407575,XCOHR,USDT,,,,,1786687200000,,10,0.01,0.00001,0.01,live
SPOT,XCOIN-USDC,449543,XCOIN,USDC,,,,,1788825600000,,,0.01,0.00001,0.01,live
SPOT,XCOIN-USDT,374670,XCOIN,USDT,,,,,1784856600000,,10,0.01,0.00001,0.01,live
SPOT,XCRCL-USDC,449554,XCRCL,USDC,,,,,1788825600000,,,0.01,0.00001,0.01,live
SPOT,XCRCL-USDT,362277,XCRCL,USDT,,,,,1784181600000,,10,0.01,0.00001,0.01,live
SPOT,XCRM-USDT,414911,XCRM,USDT,,,,,1787045400000,,10,0.01,0.00001,0.01,live
SPOT,XCRWD-USDT,382989,XCRWD,USDT,,,,,1785231000000,,10,0.01,0.00001,0.01,live
SPOT,XCRWV-USDC,449541,XCRWV,USDC,,,,,1788825600000,,,0.01,0.00001,0.01,live
SPOT,XCRWV-USDT,407574,XCRWV,USDT,,,,,1786613400000,,10,0.01,0.00001,0.01,live
SPOT,XCSCO-USDT,382988,XCSCO,USDT,,,,,1785229200000,,10,0.01,0.00001,0.01,live
SPOT,XDELL-USDT,374673,XDELL,USDT,,,,,1784862000000,,10,0.01,0.00001,0.01,live
SPOT,XDKNG-USDT,414908,XDKNG,USDT,,,,,1787040000000,,10,0.01,0.0001,0.1,live
SPOT,XDP-EUR,484260,XDP,EUR,,,,,1790602200000,,,0.00001,0.1,100,live
SPOT,XDP-TRY,484277,XDP,TRY,,,,,1790603100000,,,0.001,0.001,1,live
SPOT,XDP-USDC,484273,XDP,USDC,,,,,1790602800000,,,0.00001,0.1,100,live
SPOT,XDP-USDT,483735,XDP,USDT,,,,,1790596800000,,,0.000001,1,1000,live
SPOT,XDRAM-USDT,449569,XDRAM,USDT,,,,,1788850800000,,,0.01,0.00001,0.01,live
SPOT,XEWY-USDC,449545,XEWY,USDC,,,,,1788825600000,,,0.01,0.00001,0.01,live
SPOT,XEWY-USDT,362275,XEWY,USDT,,,,,1784181600000,,10,0.01,0.00001,0.01,live
SPOT,XGEV-USDT,382995,XGEV,USDT,,,,,1785310200000,,10,0.01,0.000001,0.001,live
SPOT,XGLW-USDT,418070,XGLW,USDT,,,,,1787292000000,,10,0.01,0.00001,0.01,live
SPOT,XGME-USDT,382987,XGME,USDT,,,,,1785227400000,,10,0.01,0.0001,0.1,live
SPOT,XGOOGL-USDC,463945,XGOOGL,USDC,,,,,1789549200000,,,0.01,0.00001,0.01,live
SPOT,XGOOGL-USDT,362279,XGOOGL,USDT,,,,,1784181600000,,10,0.01,0.00001,0.01,live
SPOT,XHIMS-USDT,382986,XHIMS,USDT,,,,,1785225600000,,10,0.01,0.0001,0.1,live
SPOT,XHOOD-USDC,463960,XHOOD,USDC,,,,,1789551000000,,,0.01,0.00001,0.01,live
SPOT,XHOOD-USDT,374667,XHOOD,USDT,,,,,1784791800000,,10,0.01,0.00001,0.01,live
SPOT,XHPE-USDT,414910,XHPE,USDT,,,,,1787043600000,,10,0.01,0.00001,0.01,live
SPOT,XIBM-USDT,374666,XIBM,USDT,,,,,1784790000000,,10,0.01,0.00001,0.01,live
SPOT,XINTC-USDC,449551,XINTC,USDC,,,,,1788825600000,,,0.01,0.00001,0.01,live
SPOT,XINTC-USDT,362281,XINTC,USDT,,,,,1784181600000,,10,0.01,0.00001,0.01,live
SPOT,XINTW-USDT,449574,XINTW,USDT,,,,,1788859800000,,,0.01,0.0001,0.1,live
SPOT,XIREN-USDT,374671,XIREN,USDT,,,,,1784858400000,,10,0.01,0.0001,0.1,live
SPOT,XISRG-USDT,418067,XISRG,USDT,,,,,1787214600000,,10,0.01,0.00001,0.01,live
SPOT,XIWM-USDT,362267,XIWM,USDT,,,,,1784187000000,,10,0.01,0.00001,0.01,live
SPOT,XJNJ-USDT,418072,XJNJ,USDT,,,,,1787295600000,,10,0.01,0.00001,0.01,live
SPOT,XKLAC-USDT,418073,XKLAC,USDT,,,,,1787297400000,,10,0.01,0.00001,0.01,live
SPOT,XKO-USDT,414915,XKO,USDT,,,,,1787124600000,,10,0.01,0.00001,0.01,live
SPOT,XKORU-USDT,449568,XKORU,USDT,,,,,1788849000000,,,0.01,0.0001,0.1,live
SPOT,XLITE-USDC,449548,XLITE,USDC,,,,,1788825600000,,,0.01,0.000001,0.001,live
SPOT,XLITE-USDT,362270,XLITE,USDT,,,,,1784187000000,,10,0.01,0.000001,0.001,live
SPOT,XLLY-USDT,374672,XLLY,USDT,,,,,1784860200000,,10,0.1,0.000001,0.001,live
SPOT,XLM-EUR,151573,XLM,EUR,,,,,1710386400000,,,0.00001,0.001,10,live
SPOT,XLM-TRY,266692,XLM,TRY,,,,,1777536000000,,,0.001,0.0001,1,live
SPOT,XLM-USDC,230713,XLM,USDC,,,,,1759993200000,,,0.00001,0.01,10,live
SPOT,XLM-USDT,252,XLM,USDT,,,,,1611907686000,,10,0.00001,0.000001,10,live
SPOT,XLRCX-USDT,414916,XLRCX,USDT,,,,,1787126400000,,10,0.01,0.00001,0.01,live
SPOT,XMETA-USDC,465394,XMETA,USDC,,,,,1789635600000,,,0.01,0.00001,0.01,live
SPOT,XMETA-USDT,362272,XMETA,USDT,,,,,1784187000000,,10,0.01,0.000001,0.001,live
SPOT,XMRVL-USDC,449552,XMRVL,USDC,,,,,1788825600000,,,0.01,0.00001,0.01,live
SPOT,XMRVL-USDT,362282,XMRVL,USDT,,,,,1784181600000,,10,0.01,0.00001,0.01,live
SPOT,XMSFT-USDT,362266,XMSFT,USDT,,,,,1784181600000,,10,0.01,0.00001,0.01,live
SPOT,XMSTR-USDC,449553,XMSTR,USDC,,,,,1788825600000,,,0.01,0.00001,0.01,live
SPOT,XMSTR-USDT,362271,XMSTR,USDT,,,,,1784187000000,,10,0.01,0.00001,0.01,live
SPOT,XMU-USDC,449549,XMU,USDC,,,,,1788825600000,,,0.01,0.000001,0.001,live
SPOT,XMU-USDT,362278,XMU,USDT,,,,,1784163600000,,10,0.01,0.000001,0.001,live
SPOT,XMUU-USDT,449571,XMUU,USDT,,,,,1788854400000,,,0.01,0.0001,0.1,live
SPOT,XMVLL-USDT,449573,XMVLL,USDT,,,,,1788858000000,,,0.01,0.0001,0.1,live
SPOT,XNBIS-USDC,449542,XNBIS,USDC,,,,,1788825600000,,,0.01,0.00001,0.01,live
SPOT,XNBIS-USDT,407568,XNBIS,USDT,,,,,1786602600000,,10,0.01,0.00001,0.01,live
SPOT,XNFLX-USDT,374675,XNFLX,USDT,,,,,1784878200000,,10,0.01,0.00001,0.01,live
SPOT,XNOW-USDT,414909,XNOW,USDT,,,,,1787041800000,,10,0.01,0.00001,0.01,live
SPOT,XNVDA-USDC,449547,XNVDA,USDC,,,,,1788825600000,,,0.01,0.00001,0.01,live
SPOT,XNVDA-USDT,362284,XNVDA,USDT,,,,,1784178000000,,10,0.01,0.00001,0.01,live
SPOT,XOKTA-USDT,418068,XOKTA,USDT,,,,,1787216400000,,10,0.01,0.00001,0.01,live
SPOT,XON-USDT,407578,XON,USDT,,,,,1786692600000,,10,0.01,0.00001,0.01,live
SPOT,XONDS-USDT,382994,XONDS,USDT,,,,,1785308400000,,10,0.001,0.0001,0.1,live
SPOT,XORCL-USDT,374668,XORCL,USDT,,,,,1784793600000,,10,0.01,0.00001,0.01,live
SPOT,XPL-EUR,251506,XPL,EUR,,,,,1772690400000,,,0.00001,0.01,10,live
SPOT,XPL-TRY,250908,XPL,TRY,,,,,1772784000000,,,0.001,0.001,10,live
SPOT,XPL-USDC,251526,XPL,USDC,,,,,1772690400000,,,0.00001,0.01,10,live
SPOT,XPL-USDT,228632,XPL,USDT,,,,,1758801600000,,10,0.00001,0.01,10,live
SPOT,XPLTR-USDT,374674,XPLTR,USDT,,,,,1784876400000,,10,0.01,0.00001,0.01,live
SPOT,XPOPMART-USDT,414913,XPOPMART,USDT,,,,,1787121000000,,10,0.01,0.0001,0.1,live
SPOT,XQCOM-USDT,418071,XQCOM,USDT,,,,,1787293800000,,10,0.01,0.00001,0.01,live
SPOT,XQQQ-USDC,449540,XQQQ,USDC,,,,,1788825600000,,,0.01,0.000001,0.001,live
SPOT,XQQQ-USDT,362285,XQQQ,USDT,,,,,1784178000000,,10,0.01,0.000001,0.001,live
SPOT,XRDDT-USDT,414918,XRDDT,USDT,,,,,1787130000000,,10,0.01,0.00001,0.01,live
SPOT,XRIVN-USDT,418066,XRIVN,USDT,,,,,1787212800000,,10,0.01,0.0001,0.1,live
SPOT,XRKLB-USDT,407572,XRKLB,USDT,,,,,1786609800000,,10,0.01,0.00001,0.01,live
SPOT,XROK-USDT,418074,XROK,USDT,,,,,1787299200000,,10,0.01,0.00001,0.01,live
SPOT,XRP-AED,187852,XRP,AED,,,,,1733800200000,,,0.001,0.0001,1,live
SPOT,XRP-AUD,187842,XRP,AUD,,,,,1733798400000,,,0.0001,0.0001,1,live
SPOT,XRP-BRL,187843,XRP,BRL,,,,,1733799600000,,,0.001,0.00001,0.1,live
SPOT,XRP-EUR,151563,XRP,EUR,,,,,1710383400000,,,0.0001,0.0001,1,live
SPOT,XRP-TRY,187853,XRP,TRY,,,,,1733799000000,,,0.01,0.00001,0.1,live
SPOT,XRP-USDC,224011,XRP,USDC,,,,,1755763200000,,,0.0001,0.001,1,live
SPOT,XRP-USDT,42,XRP,USDT,,,,,1611907686000,,10,0.0001,0.000001,1,live
SPOT,XSHAZ-USDT,407581,XSHAZ,USDT,,,,,1786698000000,,10,0.01,0.00001,0.01,live
SPOT,XSHEIN-USDT,449567,XSHEIN,USDT,,,,,1788847200000,,,0.001,0.0001,0.1,live
SPOT,XSKHY-USDC,449555,XSKHY,USDC,,,,,1788825600000,,,0.01,0.00001,0.01,live
SPOT,XSKHY-USDT,362287,XSKHY,USDT,,,,,1784178000000,,10,0.01,0.00001,0.01,live
SPOT,XSMCI-USDT,407582,XSMCI,USDT,,,,,1786699800000,,10,0.01,0.0001,0.1,live
SPOT,XSMH-USDT,414914,XSMH,USDT,,,,,1787122800000,,10,0.01,0.000001,0.001,live
SPOT,XSNDK-USDC,447417,XSNDK,USDC,,,,,1788742800000,,,0.1,0.000001,0.001,live
SPOT,XSNDK-USDT,362288,XSNDK,USDT,,,,,1784178000000,,10,0.1,0.000001,0.001,live
SPOT,XSNOW-USDT,414906,XSNOW,USDT,,,,,1787036400000,,10,0.01,0.00001,0.01,live
SPOT,XSNXX-USDT,449570,XSNXX,USDT,,,,,1788852600000,,,0.01,0.0001,0.1,live
SPOT,XSOXL-USDC,449556,XSOXL,USDC,,,,,1788825600000,,,0.01,0.00001,0.01,live
SPOT,XSOXL-USDT,362280,XSOXL,USDT,,,,,1784181600000,,,0.01,0.00001,0.01,live
SPOT,XSOXS-USDT,449572,XSOXS,USDT,,,,,1788856200000,,,0.01,0.0001,0.1,live
SPOT,XSPCX-USDC,449557,XSPCX,USDC,,,,,1788825600000,,,0.01,0.00001,0.01,live
SPOT,XSPCX-USDT,362289,XSPCX,USDT,,,,,1784178000000,,10,0.01,0.00001,0.01,live
SPOT,XSPY-USDC,448277,XSPY,USDC,,,,,1788742800000,,,0.01,0.00001,0.01,live
SPOT,XSPY-USDT,362286,XSPY,USDT,,,,,1784178000000,,10,0.01,0.000001,0.001,live
SPOT,XSTRC-USDT,418075,XSTRC,USDT,,,,,1787301000000,,10,0.01,0.00001,0.01,live
SPOT,XTER-USDT,382997,XTER,USDT,,,,,1785313800000,,10,0.01,0.00001,0.01,live
SPOT,XTESTA-USDC,406391,XTESTA,USDC,,,,,1786521600000,,10,0.001,0.001,0.1,live
SPOT,XTESTA-USDT,398367,XTESTA,USDT,,,,,1786069800000,,10,0.001,0.001,0.1,live
SPOT,XTQQQ-USDT,407571,XTQQQ,USDT,,,,,1786608000000,,,0.01,0.00001,0.01,live
SPOT,XTSLA-USDC,449550,XTSLA,USDC,,,,,1788825600000,,,0.01,0.00001,0.01,live
SPOT,XTSLA-USDT,362283,XTSLA,USDT,,,,,1784178000000,,10,0.01,0.00001,0.01,live
SPOT,XTSM-USDT,362268,XTSM,USDT,,,,,1784187000000,,10,0.01,0.00001,0.01,live
SPOT,XTTWO-USDT,414917,XTTWO,USDT,,,,,1787128200000,,10,0.01,0.00001,0.01,live
SPOT,XTWLO-USDT,407577,XTWLO,USDT,,,,,1786690800000,,10,0.01,0.00001,0.01,live
SPOT,XTZ-EUR,151590,XTZ,EUR,,,,,1710391500000,,,0.0001,0.0001,1,live
SPOT,XTZ-USDC,250123,XTZ,USDC,,,,,1771826400000,,,0.0001,0.000001,1,live
SPOT,XTZ-USDT,777,XTZ,USDT,,,,,1611907686000,,10,0.0001,0.000001,1,live
SPOT,XUNH-USDT,418064,XUNH,USDT,,,,,1787209200000,,10,0.01,0.00001,0.01,live
SPOT,XUSAR-USDT,374669,XUSAR,USDT,,,,,1784795400000,,10,0.01,0.0001,0.1,live
SPOT,XVRT-USDT,382996,XVRT,USDT,,,,,1785312000000,,10,0.01,0.00001,0.01,live
SPOT,XWDC-USDT,418069,XWDC,USDT,,,,,1787218200000,,10,0.01,0.00001,0.01,live
SPOT,XXIAOMI-USDT,414912,XXIAOMI,USDT,,,,,1787119200000,,10,0.001,0.001,1,live
SPOT,XXLE-USDT,382992,XXLE,USDT,,,,,1785292200000,,10,0.01,0.00001,0.01,live
SPOT,XZM-USDT,418062,XZM,USDT,,,,,1787205600000,,10,0.01,0.00001,0.01,live
SPOT,YB-EUR,254431,YB,EUR,,,,,1774504800000,,,0.00001,0.001,10,live
SPOT,YB-USDC,254444,YB,USDC,,,,,1774504800000,,,0.00001,0.001,10,live
SPOT,YB-USDT,231681,YB,USDT,,,,,1760522400000,,,0.00001,0.001,10,live
SPOT,YFI-EUR,251513,YFI,EUR,,,,,1772690400000,,,1,0.000001,0.0005,live
SPOT,YFI-USDC,251533,YFI,USDC,,,,,1772690400000,,,1,0.000001,0.0005,live
SPOT,YFI-USDT,1440,YFI,USDT,,,,,1611907686000,,10,1,0.000001,0.0005,live
SPOT,YGG-EUR,158135,YGG,EUR,,,,,1715076000000,,,0.00001,0.000001,10,live
SPOT,YGG-USDC,250104,YGG,USDC,,,,,1771826400000,,,0.00001,0.000001,10,live
SPOT,YGG-USDT,26859,YGG,USDT,,,,,1627468177000,,10,0.00001,0.000001,10,live
SPOT,ZAMA-EUR,255186,ZAMA,EUR,,,,,1774850400000,,,0.00001,0.1,100,live
SPOT,ZAMA-TRY,248726,ZAMA,TRY,,,,,1770969600000,,,0.0001,0.01,10,live
SPOT,ZAMA-USDC,255199,ZAMA,USDC,,,,,1774850400000,,,0.00001,0.1,100,live
SPOT,ZAMA-USDT,246781,ZAMA,USDT,,,,,1770033600000,,,0.00001,0.1,100,live
SPOT,ZBCN-EUR,251178,ZBCN,EUR,,,,,1772431200000,,,0.0000001,1,1000,live
SPOT,ZBCN-USDC,251198,ZBCN,USDC,,,,,1772431200000,,,0.0000001,1,1000,live
SPOT,ZBCN-USDT,155705,ZBCN,USDT,,,,,1713254400000,,,0.0000001,1,1000,live
SPOT,ZEC-EUR,250414,ZEC,EUR,,,,,1772085600000,,,0.01,0.00001,0.001,live
SPOT,ZEC-USDC,250434,ZEC,USDC,,,,,1772085600000,,,0.01,0.00001,0.001,live
SPOT,ZEC-USDT,237614,ZEC,USDT,,,,,1763982000000,,10,0.01,0.00001,0.001,live
SPOT,ZEN-EUR,251504,ZEN,EUR,,,,,1772690400000,,,0.001,0.0001,0.1,live
SPOT,ZEN-USDC,251524,ZEN,USDC,,,,,1772690400000,,,0.001,0.0001,0.1,live
SPOT,ZEN-USDT,236619,ZEN,USDT,,,,,1763442000000,,10,0.001,0.0001,0.1,live
SPOT,ZENT-EUR,438511,ZENT,EUR,,,,,1788164400000,,,0.000001,1,1000,live
SPOT,ZENT-USDC,438514,ZENT,USDC,,,,,1788164700000,,,0.000001,1,1000,live
SPOT,ZENT-USDT,157496,ZENT,USDT,,,,,1714975200000,,,0.000001,0.1,100,live
SPOT,ZETA-EUR,251798,ZETA,EUR,,,,,1773036000000,,,0.00001,0.001,10,live
SPOT,ZETA-USDC,251778,ZETA,USDC,,,,,1773036000000,,,0.00001,0.001,10,live
SPOT,ZETA-USDT,146569,ZETA,USDT,,,,,1706756400000,,10,0.00001,0.001,10,live
SPOT,ZIL-EUR,251812,ZIL,EUR,,,,,1773036000000,,,0.000001,0.000001,100,live
SPOT,ZIL-TRY,248719,ZIL,TRY,,,,,1771574400000,,,0.0001,0.01,100,live
SPOT,ZIL-USDC,251792,ZIL,USDC,,,,,1773036000000,,,0.000001,0.000001,100,live
SPOT,ZIL-USDT,514,ZIL,USDT,,,,,1611907686000,,10,0.000001,0.000001,100,live
SPOT,ZK-EUR,251182,ZK,EUR,,,,,1772431200000,,,0.000001,0.01,100,live
SPOT,ZK-TRY,248718,ZK,TRY,,,,,1771574400000,,,0.0001,0.01,100,live
SPOT,ZK-USDC,251202,ZK,USDC,,,,,1772431200000,,,0.000001,0.01,100,live
SPOT,ZK-USDT,162968,ZK,USDT,,,,,1718697600000,,10,0.000001,0.01,100,live
SPOT,ZKJ-USDT,162609,ZKJ,USDT,,,,,1718607600000,,,0.000001,0.0001,100,live
SPOT,ZORA-EUR,251521,ZORA,EUR,,,,,1772690400000,,,0.000001,0.01,100,live
SPOT,ZORA-USDC,251541,ZORA,USDC,,,,,1772690400000,,,0.000001,0.01,100,live
SPOT,ZORA-USDT,232324,ZORA,USDT,,,,,1760698800000,,10,0.000001,0.01,100,live
SPOT,ZRO-EUR,250428,ZRO,EUR,,,,,1772085600000,,,0.0001,0.001,1,live
SPOT,ZRO-TRY,250914,ZRO,TRY,,,,,1772179200000,,,0.01,0.0001,1,live
SPOT,ZRO-USDC,250447,ZRO,USDC,,,,,1772085600000,,,0.0001,0.001,1,live
SPOT,ZRO-USDT,163056,ZRO,USDT,,,,,1718884800000,,10,0.0001,0.001,1,live
SPOT,ZRX-EUR,251813,ZRX,EUR,,,,,1773036000000,,,0.00001,0.000001,10,live
SPOT,ZRX-USDC,251793,ZRX,USDC,,,,,1773036000000,,,0.00001,0.000001,10,live
SPOT,ZRX-USDT,146,ZRX,USDT,,,,,1611907686000,,10,0.00001,0.000001,10,live
SWAP,0G-USDT-SWAP,228366,,,USDT,1,1,0G,1758537000238,,20,0.0001,1,1,live
SWAP,1INCH-USDT-SWAP,10484,,,USDT,1,1,1INCH,1608863400000,,20,0.00001,1,1,live
SWAP,2Z-USDT-SWAP,229769,,,USDT,10,1,2Z,1759410600649,,20,0.00001,1,1,live
SWAP,A-USDT-SWAP,212240,,,USDT,10,1,A,1748514600412,,10,0.00001,1,1,live
SWAP,AAOI-USDT-SWAP,286359,,,USDT,1,1,AAOI,1779786000000,,20,0.01,0.01,0.01,live
SWAP,AAPL-USDT-SWAP,251760,,,USDT,1,1,AAPL,1772612100000,,25,0.01,0.01,0.01,live
SWAP,AAVE-USDT-SWAP,10485,,,USDT,0.1,1,AAVE,1607580000000,,50,0.01,0.1,0.1,live
SWAP,ACH-USDT-SWAP,149234,,,USDT,100,1,ACH,1708590301084,,10,0.000001,1,1,live
SWAP,ACN-USDT-SWAP,490834,,,USDT,1,1,ACN,1790934300000,,20,0.01,0.01,0.01,live
SWAP,ACT-USDT-SWAP,184433,,,USDT,1,1,ACT,1731582000644,,10,0.000001,1,1,live
SWAP,ACU-USDT-SWAP,245693,,,USDT,10,1,ACU,1769151600000,,10,0.00001,1,1,live
SWAP,ADA-USD-SWAP,10482,,,ADA,10,1,USD,1582888608000,,20,0.0001,1,1,live
SWAP,ADA-USDT-SWAP,10483,,,USDT,100,1,ADA,1582888608000,,50,0.0001,0.1,0.1,live
SWAP,ADBE-USDT-SWAP,298177,,,USDT,1,1,ADBE,1780479000000,,20,0.01,0.01,0.01,live
SWAP,AEHR-USDT-SWAP,381301,,,USDT,1,1,AEHR,1785143700000,,10,0.01,0.1,0.1,live
SWAP,AEON-USDT-SWAP,381878,,,USDT,10,1,AEON,1785151800000,,20,0.00001,1,1,live
SWAP,AERO-USDT-SWAP,216936,,,USDT,10,1,AERO,1751523300260,,20,0.0001,1,1,live
SWAP,AEVO-USDT-SWAP,151594,,,USDT,1,1,AEVO,1710325520298,,10,0.00001,1,1,live
SWAP,AGLD-USDT-SWAP,41191,,,USDT,1,1,AGLD,1631008650016,,20,0.0001,1,1,live
SWAP,AI-USDT-SWAP,265983,,,USDT,100,1,AI,1777464000000,,10,0.00001,1,1,live
SWAP,AIXBT-USDT-SWAP,191456,,,USDT,10,1,AIXBT,1735887600188,,20,0.00001,1,1,live
SWAP,AKE-USDT-SWAP,463734,,,USDT,100,1,AKE,1789542000000,,20,0.00001,1,1,live
SWAP,ALAB-USDT-SWAP,317106,,,USDT,1,1,ALAB,1781600400000,,10,0.01,0.01,0.01,live
SWAP,ALGO-USDT-SWAP,10487,,,USDT,10,1,ALGO,1587463971000,,50,0.00001,1,1,live
SWAP,ALLO-USDT-SWAP,235639,,,USDT,10,1,ALLO,1762879500659,,20,0.00001,1,1,live
SWAP,AMAT-USDT-SWAP,289348,,,USDT,1,1,AMAT,1779958800000,,20,0.01,0.01,0.01,live
SWAP,AMC-USDT-SWAP,444863,,,USDT,1,1,AMC,1788511500000,,10,0.001,1,1,live
SWAP,AMD-USDT-SWAP,252677,,,USDT,1,1,AMD,1773223200000,,25,0.01,0.01,0.01,live
SWAP,AMZN-USDT-SWAP,250827,,,USDT,1,1,AMZN,1772091000000,,20,0.01,0.01,0.01,live
SWAP,ANIME-USDT-SWAP,194315,,,USDT,10,1,ANIME,1737644401356,,20,0.000001,1,1,live
SWAP,ANTHROPIC-USDT-SWAP,270079,,,USDT,1,1,ANTHROPIC,1778146200000,,10,0.01,0.001,0.001,live
SWAP,APE-USDT-SWAP,80553,,,USDT,0.1,1,APE,1647522059555,,20,0.00001,1,1,live
SWAP,API3-USDT-SWAP,54789,,,USDT,1,1,API3,1646297716213,,10,0.0001,1,1,live
SWAP,APLD-USDT-SWAP,347923,,,USDT,1,1,APLD,1783330200000,,10,0.01,0.1,0.1,live
SWAP,APP-USDT-SWAP,365855,,,USDT,1,1,APP,1784288700000,,25,0.01,0.01,0.01,live
SWAP,APR-USDT-SWAP,233018,,,USDT,10,1,APR,1761285601180,,20,0.0001,1,1,live
SWAP,APT-USDT-SWAP,104900,,,USDT,1,1,APT,1666142328522,,50,0.0001,1,1,live
SWAP,AR-USDT-SWAP,114960,,,USDT,0.1,1,AR,1676357700186,,20,0.001,1,1,live
SWAP,ARB-USDT-SWAP,117782,,,USDT,10,1,ARB,1679580094937,,50,0.00001,0.1,0.1,live
SWAP,ARKM-USDT-SWAP,185260,,,USDT,1,1,ARKM,1732177800122,,20,0.00001,1,1,live
SWAP,ARM-USDT-SWAP,265717,,,USDT,1,1,ARM,1777443300000,,20,0.01,0.01,0.01,live
SWAP,ARX-USDT-SWAP,326513,,,USDT,10,1,ARX,1782131400000,,20,0.0001,1,1,live
SWAP,ASML-USDT-SWAP,298193,,,USDT,1,1,ASML,1780479900000,,20,0.1,0.001,0.001,live
SWAP,ASTER-USDT-SWAP,228297,,,USDT,1,1,ASTER,1758517200313,,50,0.0001,1,1,live
SWAP,ASTS-USDT-SWAP,296651,,,USDT,1,1,ASTS,1780398900000,,20,0.01,0.01,0.01,live
SWAP,AT-USDT-SWAP,233932,,,USDT,10,1,AT,1761818401453,,20,0.0001,1,1,live
SWAP,ATH-USDT-SWAP,162196,,,USDT,100,1,ATH,1718250900308,,20,0.000001,1,1,live
SWAP,ATOM-USDT-SWAP,10490,,,USDT,1,1,ATOM,1573557408000,,50,0.001,1,1,live
SWAP,AUCTION-USDT-SWAP,139330,,,USDT,0.1,1,AUCTION,1701417300613,,20,0.001,1,1,live
SWAP,AVAX-USDT-SWAP,10491,,,USDT,1,1,AVAX,1600840800000,,50,0.001,0.1,0.1,live
SWAP,AVGO-USDT-SWAP,265714,,,USDT,1,1,AVGO,1777442400000,,20,0.01,0.01,0.01,live
SWAP,AVNT-USDT-SWAP,228369,,,USDT,1,1,AVNT,1758555000222,,20,0.00001,1,1,live
SWAP,AXS-USDT-SWAP,26858,,,USDT,0.1,1,AXS,1627462800000,,20,0.0001,1,1,live
SWAP,AXTI-USDT-SWAP,317237,,,USDT,1,1,AXTI,1781602200000,,20,0.01,0.01,0.01,live
SWAP,AZTEC-USDT-SWAP,248704,,,USDT,100,1,AZTEC,1770805800000,,20,0.00001,1,1,live
SWAP,BABY-USDT-SWAP,205558,,,USDT,10,1,BABY,1744282800387,,10,0.000001,1,1,live
SWAP,BAND-USDT-SWAP,10493,,,USDT,1,1,BAND,1599473571000,,10,0.0001,1,1,live
SWAP,BARD-USDT-SWAP,227786,,,USDT,1,1,BARD,1758196800496,,20,0.0001,1,1,live
SWAP,BASED-USDT-SWAP,255498,,,USDT,10,1,BASED,1774866600000,,20,0.00001,1,1,live
SWAP,BAT-USDT-SWAP,10494,,,USDT,10,1,BAT,1598609571000,,20,0.00001,1,1,live
SWAP,BB-USDT-SWAP,295037,,,USDT,1,1,BB,1780304400000,,20,0.001,1,1,live
SWAP,BCH-USD-SWAP,10464,,,BCH,10,1,USD,1545378827000,,20,0.1,1,1,live
SWAP,BCH-USDT-SWAP,10465,,,USDT,0.1,1,BCH,1573557408000,,50,0.1,0.1,0.1,live
SWAP,BE-USDT-SWAP,287971,,,USDT,1,1,BE,1779879600000,,25,0.01,0.01,0.01,live
SWAP,BEAT-USDT-SWAP,235770,,,USDT,10,1,BEAT,1762964100610,,10,0.00001,0.1,0.1,live
SWAP,BERA-USDT-SWAP,196524,,,USDT,0.1,1,BERA,1738850401850,,20,0.0001,1,1,live
SWAP,BICO-USDT-SWAP,48267,,,USDT,1,1,BICO,1639032617371,,20,0.00001,1,1,live
SWAP,BIGTIME-USDT-SWAP,134576,,,USDT,10,1,BIGTIME,1697115300862,,10,0.000001,1,1,live
SWAP,BILL-USDT-SWAP,269426,,,USDT,100,1,BILL,1778054400000,,20,0.00001,1,1,live
SWAP,BIO-USDT-SWAP,191474,,,USDT,1,1,BIO,1735901100474,,20,0.00001,1,1,live
SWAP,BLEND-USDT-SWAP,265934,,,USDT,10,1,BLEND,1777456800000,,20,0.00001,1,1,live
SWAP,BLUR-USDT-SWAP,115030,,,USDT,10,1,BLUR,1676429700181,,20,0.00001,1,1,live
SWAP,BMNR-USDT-SWAP,265074,,,USDT,1,1,BMNR,1777302000000,,25,0.01,0.1,0.1,live
SWAP,BNB-USDT-SWAP,111061,,,USDT,0.01,1,BNB,1671778428049,,50,0.1,1,1,live
SWAP,BOME-USDT-SWAP,170930,,,USDT,1000,1,BOME,1723717202042,,20,0.0000001,1,1,live
SWAP,BONK-USDT-SWAP,143864,,,USDT,100000,1,BONK,1704695217299,,20,0.000000001,1,1,live
SWAP,BOT-USDT-SWAP,341616,,,USDT,1,1,BOT,1782986400000,,20,0.01,0.1,0.1,live
SWAP,BRETT-USDT-SWAP,173473,,,USDT,100,1,BRETT,1725617701730,,10,0.000001,1,1,live
SWAP,BREV-USDT-SWAP,242410,,,USDT,1,1,BREV,1767099600000,,20,0.00001,1,1,live
SWAP,BRKB-USDT-SWAP,397505,,,USDT,1,1,BRKB,1786014900000,,20,0.01,0.01,0.01,live
SWAP,BSB-USDT-SWAP,255941,,,USDT,10,1,BSB,1775124000000,,10,0.00001,1,1,live
SWAP,BSP-USDT-SWAP,347904,,,USDT,1,1,BSP,1783328400000,,10,0.01,0.1,0.1,live
SWAP,BTC-USD-SWAP,10458,,,BTC,100,1,USD,1535424203000,,100,0.1,0.1,0.1,live
SWAP,BTC-USDT-SWAP,10459,,,USDT,0.01,1,BTC,1573557408000,,100,0.1,0.01,0.01,live
SWAP,BWET-USDT-SWAP,490875,,,USDT,1,1,BWET,1790936100000,,20,0.01,0.01,0.01,live
SWAP,BX-USDT-SWAP,311392,,,USDT,1,1,BX,1781255700000,,10,0.01,0.01,0.01,live
SWAP,BZ-USDT-SWAP,254585,,,USDT,0.01,1,BZ,1774346400000,,50,0.01,1,1,live
SWAP,CAP-USDT-SWAP,333127,,,USDT,100,1,CAP,1782477000000,,10,0.00001,1,1,live
SWAP,CASHCAT-USDT-SWAP,442541,,,USDT,10,1,CASHCAT,1788406200000,,20,0.0001,1,1,live
SWAP,CBRS-USDT-SWAP,274215,,,USDT,1,1,CBRS,1778824800000,,25,0.01,0.01,0.01,live
SWAP,CC-USDT-SWAP,234190,,,USDT,10,1,CC,1761919200291,,20,0.00001,1,1,live
SWAP,CELO-USDT-SWAP,42683,,,USDT,1,1,CELO,1632477785202,,20,0.00001,1,1,live
SWAP,CFX-USDT-SWAP,16650,,,USDT,10,1,CFX,1615539600000,,20,0.00001,1,1,live
SWAP,CGNX-USDT-SWAP,311436,,,USDT,1,1,CGNX,1781257500000,,10,0.01,0.1,0.1,live
SWAP,CHIP-USDT-SWAP,262744,,,USDT,100,1,CHIP,1776780000000,,20,0.00001,1,1,live
SWAP,CHZ-USDT-SWAP,16651,,,USDT,10,1,CHZ,1615539600000,,50,0.00001,1,1,live
SWAP,CIEN-USDT-SWAP,309416,,,USDT,1,1,CIEN,1781169300000,,20,0.01,0.01,0.01,live
SWAP,CL-USDT-SWAP,251851,,,USDT,0.1,1,CL,1772626500000,,50,0.01,1,1,live
SWAP,CNPY-USDT-SWAP,449711,,,USDT,10,1,CNPY,1788786000000,,20,0.0001,1,1,live
SWAP,COAI-USDT-SWAP,231795,,,USDT,0.1,1,COAI,1760538601123,,10,0.0001,1,1,live
SWAP,COHR-USDT-SWAP,272840,,,USDT,1,1,COHR,1778666400000,,25,0.01,0.01,0.01,live
SWAP,COIN-USDT-SWAP,250828,,,USDT,1,1,COIN,1772091900000,,20,0.01,0.01,0.01,live
SWAP,COMP-USDT-SWAP,10498,,,USDT,0.1,1,COMP,1587463971000,,20,0.01,1,1,live
SWAP,CORE-USDT-SWAP,114601,,,USDT,1,1,CORE,1675864514708,,20,0.00001,1,1,live
SWAP,COST-USDT-SWAP,265067,,,USDT,1,1,COST,1777299300000,,10,0.01,0.001,0.001,live
SWAP,CP-USDT-SWAP,441963,,,USDT,100,1,CP,1788363600000,,20,0.00001,1,1,live
SWAP,CRCL-USDT-SWAP,250829,,,USDT,1,1,CRCL,1772092800000,,50,0.01,0.1,0.1,live
SWAP,CRDO-USDT-SWAP,309400,,,USDT,1,1,CRDO,1781168400000,,20,0.01,0.01,0.01,live
SWAP,CRM-USDT-SWAP,385955,,,USDT,1,1,CRM,1785402900000,,10,0.01,0.01,0.01,live
SWAP,CRO-USDT-SWAP,18476,,,USDT,10,1,CRO,1617872400000,,20,0.00001,1,1,live
SWAP,CRV-USDT-SWAP,10500,,,USDT,1,1,CRV,1599214371000,,50,0.0001,1,1,live
SWAP,CRWD-USDT-SWAP,286370,,,USDT,1,1,CRWD,1779787800000,,25,0.01,0.01,0.01,live
SWAP,CRWV-USDT-SWAP,259025,,,USDT,1,1,CRWV,1775822400000,,25,0.01,0.01,0.01,live
SWAP,CSCO-USDT-SWAP,276426,,,USDT,1,1,CSCO,1779183900000,,20,0.01,0.01,0.01,live
SWAP,CSOPSAMSUNG2L-USDT-SWAP,442572,,,USDT,1,1,CSOPSAMSUNG2L,1788416100000,,10,0.001,1,1,live
SWAP,CSOPSKHYNIX2L-USDT-SWAP,442565,,,USDT,1,1,CSOPSKHYNIX2L,1788415200000,,10,0.001,1,1,live
SWAP,CT-USDT-SWAP,487542,,,USDT,10,1,CT,1790766000000,,20,0.0001,1,1,live
SWAP,CVX-USDT-SWAP,163800,,,USDT,1,1,CVX,1719303900750,,10,0.001,1,1,live
SWAP,CXMT-USDT-SWAP,416078,,,USDT,1,1,CXMT,1787035500000,,20,0.001,1,1,live
SWAP,CYPH-USDT-SWAP,475549,,,USDT,1,1,CYPH,1790155800000,,20,0.0001,1,1,live
SWAP,DASH-USDT-SWAP,234988,,,USDT,0.01,1,DASH,1762398000994,,50,0.01,1,1,live
SWAP,DATA-USDT-SWAP,341849,,,USDT,10,1,DATA,1782995400000,,20,0.0001,1,1,live
SWAP,DDOG-USDT-SWAP,442964,,,USDT,1,1,DDOG,1788426900000,,10,0.01,0.01,0.01,live
SWAP,DELL-USDT-SWAP,289361,,,USDT,1,1,DELL,1779959700000,,20,0.01,0.01,0.01,live
SWAP,DGAI-USDT-SWAP,442531,,,USDT,10,1,DGAI,1788404400000,,20,0.0001,1,1,live
SWAP,DKNG-USDT-SWAP,319877,,,USDT,1,1,DKNG,1781775900000,,10,0.01,0.1,0.1,live
SWAP,DOGE-USD-SWAP,11754,,,DOGE,10,1,USD,1612256400000,,50,0.00001,1,1,live
SWAP,DOGE-USDT-SWAP,10502,,,USDT,1000,1,DOGE,1587463971000,,50,0.00001,0.01,0.01,live
SWAP,DOOD-USDT-SWAP,209986,,,USDT,1000,1,DOOD,1747051200521,,20,0.000001,1,1,live
SWAP,DOS-USDT-SWAP,403672,,,USDT,10,1,DOS,1786363200000,,20,0.0001,1,1,live
SWAP,DOT-USD-SWAP,10503,,,DOT,10,1,USD,1599041571000,,20,0.0001,1,1,live
SWAP,DOT-USDT-SWAP,10504,,,USDT,1,1,DOT,1598350371000,,50,0.0001,1,1,live
SWAP,DRAM-USDT-SWAP,270550,,,USDT,1,1,DRAM,1778230800000,,50,0.01,0.1,0.1,live
SWAP,DYDX-USDT-SWAP,41286,,,USDT,1,1,DYDX,1631117510421,,20,0.00001,1,1,live
SWAP,EDEN-USDT-SWAP,229475,,,USDT,1,1,EDEN,1759231801710,,20,0.00001,1,1,live
SWAP,EDGE-USDT-SWAP,255755,,,USDT,10,1,EDGE,1775050200000,,20,0.0001,1,1,live
SWAP,EGLD-USDT-SWAP,10505,,,USDT,0.1,1,EGLD,1608620400000,,20,0.001,1,1,live
SWAP,EIGEN-USDT-SWAP,176322,,,USDT,1,1,EIGEN,1727764200682,,20,0.0001,1,1,live
SWAP,ENA-USDT-SWAP,227622,,,USDT,10,1,ENA,1758094200364,,50,0.00001,1,1,live
SWAP,ENJ-USDT-SWAP,150367,,,USDT,10,1,ENJ,1709288701407,,10,0.00001,1,1,live
SWAP,ENS-USDT-SWAP,46126,,,USDT,0.1,1,ENS,1636623946265,,20,0.001,1,1,live
SWAP,ENSO-USDT-SWAP,233767,,,USDT,1,1,ENSO,1761732001294,,50,0.0001,1,1,live
SWAP,ESP-USDT-SWAP,248585,,,USDT,100,1,ESP,1770739200000,,20,0.00001,1,1,live
SWAP,ETC-USD-SWAP,10468,,,ETC,10,1,USD,1545378827000,,20,0.001,1,1,live
SWAP,ETC-USDT-SWAP,10469,,,USDT,10,1,ETC,1573557408000,,50,0.001,0.01,0.01,live
SWAP,ETH-USD-SWAP,10460,,,ETH,10,1,USD,1545378827000,,100,0.01,1,1,live
SWAP,ETH-USDT-SWAP,10461,,,USDT,0.1,1,ETH,1573557408000,,100,0.01,0.01,0.01,live
SWAP,ETHFI-USDT-SWAP,152367,,,USDT,1,1,ETHFI,1710764700945,,20,0.0001,1,1,live
SWAP,ETHW-USDT-SWAP,101387,,,USDT,0.1,1,ETHW,1663311331635,,10,0.0001,1,1,live
SWAP,EWJ-USDT-SWAP,252674,,,USDT,1,1,EWJ,1773223200000,,20,0.01,0.01,0.01,live
SWAP,EWT-USDT-SWAP,298209,,,USDT,1,1,EWT,1780480800000,,20,0.01,0.01,0.01,live
SWAP,EWY-USDT-SWAP,252675,,,USDT,1,1,EWY,1773223200000,,50,0.01,0.01,0.01,live
SWAP,EWZ-USDT-SWAP,319863,,,USDT,1,1,EWZ,1781774100000,,20,0.01,0.1,0.1,live
SWAP,F-USDT-SWAP,233329,,,USDT,100,1,F,1761379201201,,20,0.000001,1,1,live
SWAP,FARTCOIN-USDT-SWAP,189540,,,USDT,1,1,FARTCOIN,1734685200393,,20,0.0001,1,1,live
SWAP,FET-USDT-SWAP,445986,,,USDT,10,1,FET,1788579000000,,20,0.0001,1,1,live
SWAP,FIL-USD-SWAP,10506,,,FIL,10,1,USD,1607580000000,,50,0.0001,1,1,live
SWAP,FIL-USDT-SWAP,10507,,,USDT,0.1,1,FIL,1565431971000,,50,0.0001,1,1,live
SWAP,FLNC-USDT-SWAP,309430,,,USDT,1,1,FLNC,1781171100000,,20,0.001,0.1,0.1,live
SWAP,FLOCK-USDT-SWAP,457848,,,USDT,100,1,FLOCK,1789207200000,,20,0.00001,1,1,live
SWAP,FLOKI-USDT-SWAP,115489,,,USDT,100000,1,FLOKI,1676876100607,,20,0.00000001,1,1,live
SWAP,FLOW-USDT-SWAP,137141,,,USDT,10,1,FLOW,1699350900756,,10,0.00001,1,1,live
SWAP,FLY-USDT-SWAP,381507,,,USDT,1,1,FLY,1785144600000,,20,0.01,0.1,0.1,live
SWAP,FOGO-USDT-SWAP,243802,,,USDT,10,1,FOGO,1768059900000,,10,0.000001,1,1,live
SWAP,FWDI-USDT-SWAP,381252,,,USDT,1,1,FWDI,1785142800000,,10,0.001,1,1,live
SWAP,GALA-USDT-SWAP,42682,,,USDT,10,1,GALA,1632477789599,,50,0.000001,1,1,live
SWAP,GAS-USDT-SWAP,135958,,,USDT,1,1,GAS,1698141300695,,20,0.0001,1,1,live
SWAP,GEV-USDT-SWAP,279091,,,USDT,1,1,GEV,1779354000000,,25,0.01,0.001,0.001,live
SWAP,GIGGLE-USDT-SWAP,233316,,,USDT,0.01,1,GIGGLE,1761375601708,,50,0.01,1,1,live
SWAP,GLM-USDT-SWAP,158496,,,USDT,10,1,GLM,1715329501418,,20,0.00001,1,1,live
SWAP,GLW-USDT-SWAP,275927,,,USDT,1,1,GLW,1779094800000,,20,0.01,0.01,0.01,live
SWAP,GME-USDT-SWAP,270556,,,USDT,1,1,GME,1778232600000,,20,0.01,0.1,0.1,live
SWAP,GMT-USDT-SWAP,81738,,,USDT,1,1,GMT,1648803369890,,20,0.000001,1,1,live
SWAP,GMX-USDT-SWAP,114226,,,USDT,0.1,1,GMX,1675321542847,,20,0.001,1,1,live
SWAP,GOOGL-USDT-SWAP,251758,,,USDT,1,1,GOOGL,1772610300000,,50,0.01,0.01,0.01,live
SWAP,GPRO-USDT-SWAP,444732,,,USDT,1,1,GPRO,1788528900000,,10,0.001,1,1,live
SWAP,GPS-USDT-SWAP,200413,,,USDT,10,1,GPS,1741089600468,,20,0.000001,1,1,live
SWAP,GRAM-USDT-SWAP,318896,,,USDT,1,1,GRAM,1781692200000,,50,0.001,1,1,live
SWAP,GRASS-USDT-SWAP,182059,,,USDT,1,1,GRASS,1730125800597,,20,0.0001,1,1,live
SWAP,GRT-USDT-SWAP,10509,,,USDT,10,1,GRT,1608458400000,,20,0.00001,1,1,live
SWAP,GRVT-USDT-SWAP,386796,,,USDT,10,1,GRVT,1785423600000,,20,0.00001,1,1,live
SWAP,GTLB-USDT-SWAP,475556,,,USDT,1,1,GTLB,1790156700000,,10,0.001,0.1,0.1,live
SWAP,H-USDT-SWAP,216935,,,USDT,100,1,H,1751522400413,,10,0.00001,0.1,0.1,live
SWAP,H100-USDT-SWAP,490882,,,USDT,1,1,H100,1790933400000,,3,0.0001,1,1,live
SWAP,HANMI-USDT-SWAP,463437,,,USDT,1,1,HANMI,1789538400000,,10,0.01,0.01,0.01,live
SWAP,HBAR-USDT-SWAP,129258,,,USDT,100,1,HBAR,1692165300823,,50,0.00001,0.1,0.1,live
SWAP,HIMS-USDT-SWAP,265071,,,USDT,1,1,HIMS,1777301100000,,20,0.01,0.1,0.1,live
SWAP,HMSTR-USDT-SWAP,175743,,,USDT,100,1,HMSTR,1727353800176,,10,0.0000001,1,1,live
SWAP,HOME-USDT-SWAP,214392,,,USDT,100,1,HOME,1749809700256,,20,0.000001,1,1,live
SWAP,HOOD-USDT-SWAP,250627,,,USDT,1,1,HOOD,1772002800000,,20,0.01,0.1,0.1,live
SWAP,HPE-USDT-SWAP,296636,,,USDT,1,1,HPE,1780398000000,,20,0.01,0.1,0.1,live
SWAP,HUMA-USDT-SWAP,211893,,,USDT,100,1,HUMA,1748266200433,,20,0.00001,1,1,live
SWAP,HUT-USDT-SWAP,472233,,,USDT,1,1,HUT,1789981200000,,10,0.01,0.01,0.01,live
SWAP,HYPE-USD-SWAP,347641,,,HYPE,10,1,USD,1783332000000,,20,0.001,1,1,live
SWAP,HYPE-USDT-SWAP,198413,,,USDT,0.1,1,HYPE,1740121200506,,50,0.001,1,1,live
SWAP,HYUNDAI-USDT-SWAP,308188,,,USDT,1,1,HYUNDAI,1781070900000,,25,0.01,0.01,0.01,live
SWAP,IBM-USDT-SWAP,287954,,,USDT,1,1,IBM,1779877800000,,20,0.01,0.01,0.01,live
SWAP,ICP-USDT-SWAP,21505,,,USDT,0.01,1,ICP,1620982800000,,50,0.001,1,1,live
SWAP,IMX-USDT-SWAP,46603,,,USDT,1,1,IMX,1637218222034,,20,0.00001,1,1,live
SWAP,INFQ-USDT-SWAP,286363,,,USDT,1,1,INFQ,1779786900000,,10,0.001,0.1,0.1,live
SWAP,INIT-USDT-SWAP,207523,,,USDT,10,1,INIT,1745494200437,,10,0.00001,1,1,live
SWAP,INJ-USDT-SWAP,139329,,,USDT,0.1,1,INJ,1701345300667,,50,0.001,1,1,live
SWAP,INTC-USDT-SWAP,250825,,,USDT,1,1,INTC,1772089200000,,25,0.01,0.1,0.1,live
SWAP,INTW-USDT-SWAP,386202,,,USDT,1,1,INTW,1785403800000,,25,0.01,0.1,0.1,live
SWAP,IONQ-USDT-SWAP,442971,,,USDT,1,1,IONQ,1788427800000,,20,0.01,0.1,0.1,live
SWAP,IOST-USDT-SWAP,10511,,,USDT,1000,1,IOST,1587463971000,,10,0.0000001,1,1,live
SWAP,IOTA-USDT-SWAP,10513,,,USDT,10,1,IOTA,1587463971000,,20,0.00001,1,1,live
SWAP,IREN-USDT-SWAP,305534,,,USDT,1,1,IREN,1780910100000,,25,0.01,0.1,0.1,live
SWAP,IRYS-USDT-SWAP,288020,,,USDT,100,1,IRYS,1779880500000,,10,0.00001,1,1,live
SWAP,ISRG-USDT-SWAP,309426,,,USDT,1,1,ISRG,1781170200000,,10,0.01,0.01,0.01,live
SWAP,IWM-USDT-SWAP,259024,,,USDT,1,1,IWM,1775822400000,,20,0.01,0.01,0.01,live
SWAP,JELLYJELLY-USDT-SWAP,203463,,,USDT,100,1,JELLYJELLY,1743004470352,,10,0.00001,1,1,live
SWAP,JNJ-USDT-SWAP,354221,,,USDT,1,1,JNJ,1783674900000,,10,0.01,0.01,0.01,live
SWAP,JP225-USDT-SWAP,397712,,,USDT,1,1,JP225,1788926400000,,10,1,0.0001,0.0001,live
SWAP,JTO-USDT-SWAP,143865,,,USDT,1,1,JTO,1704696900623,,50,0.0001,1,1,live
SWAP,JUP-USDT-SWAP,146691,,,USDT,10,1,JUP,1706717100211,,50,0.0001,1,1,live
SWAP,KAITO-USDT-SWAP,198342,,,USDT,1,1,KAITO,1740060000331,,50,0.0001,1,1,live
SWAP,KAT-USDT-SWAP,251546,,,USDT,100,1,KAT,1772451000000,,20,0.000001,1,1,live
SWAP,KGEN-USDT-SWAP,232383,,,USDT,10,1,KGEN,1760761801014,,10,0.0001,1,1,live
SWAP,KII-USDT-SWAP,477464,,,USDT,100,1,KII,1790247600000,,10,0.00001,1,1,live
SWAP,KIOXIA-USDT-SWAP,331089,,,USDT,1,1,KIOXIA,1782437400000,,10,0.01,0.01,0.01,live
SWAP,KITE-USDT-SWAP,258273,,,USDT,10,1,KITE,1775703600000,,10,0.00001,1,1,live
SWAP,KLAC-USDT-SWAP,327330,,,USDT,1,1,KLAC,1782207900000,,20,0.01,0.01,0.01,live
SWAP,KMNO-USDT-SWAP,212316,,,USDT,100,1,KMNO,1748575800335,,20,0.00001,1,1,live
SWAP,KO-USDT-SWAP,403324,,,USDT,1,1,KO,1786354200000,,20,0.01,0.1,0.1,live
SWAP,KORU-USDT-SWAP,329210,,,USDT,1,1,KORU,1782292500000,,10,0.01,0.01,0.01,live
SWAP,KR200-USDT-SWAP,381214,,,USDT,1,1,KR200,1785130200000,,10,0.1,0.001,0.001,live
SWAP,KSM-USDT-SWAP,10517,,,USDT,0.1,1,KSM,1599559971000,,20,0.001,1,1,live
SWAP,KSTR-USDT-SWAP,475527,,,USDT,1,1,KSTR,1790154900000,,20,0.001,0.1,0.1,live
SWAP,LA-USDT-SWAP,214391,,,USDT,10,1,LA,1749808800320,,20,0.00001,1,1,live
SWAP,LAB-USDT-SWAP,234303,,,USDT,10,1,LAB,1761998401879,,10,0.00001,0.1,0.1,live
SWAP,LAYER-USDT-SWAP,197092,,,USDT,1,1,LAYER,1739284200817,,20,0.00001,1,1,live
SWAP,LDO-USDT-SWAP,114224,,,USDT,1,1,LDO,1675321369323,,50,0.0001,1,1,live
SWAP,LGELECTRONICS-USDT-SWAP,463422,,,USDT,1,1,LGELECTRONICS,1789536600000,,10,0.01,0.01,0.01,live
SWAP,LIGHT-USDT-SWAP,240662,,,USDT,1,1,LIGHT,1765872000000,,10,0.0001,1,1,live
SWAP,LINEA-USDT-SWAP,225648,,,USDT,100,1,LINEA,1756735200376,,50,0.000001,1,1,live
SWAP,LINK-USD-SWAP,10518,,,LINK,10,1,USD,1582888608000,,50,0.001,1,1,live
SWAP,LINK-USDT-SWAP,10519,,,USDT,1,1,LINK,1582888608000,,50,0.001,0.1,0.1,live
SWAP,LIT-USDT-SWAP,241559,,,USDT,1,1,LIT,1766547000000,,50,0.0001,1,1,live
SWAP,LITE-USDT-SWAP,270555,,,USDT,1,1,LITE,1778231700000,,25,0.01,0.01,0.01,live
SWAP,LLY-USDT-SWAP,265068,,,USDT,1,1,LLY,1777300200000,,20,0.1,0.01,0.01,live
SWAP,LPT-USDT-SWAP,19721,,,USDT,0.1,1,LPT,1619161200000,,20,0.001,1,1,live
SWAP,LQTY-USDT-SWAP,144479,,,USDT,1,1,LQTY,1705053300717,,10,0.0001,1,1,live
SWAP,LRCX-USDT-SWAP,327361,,,USDT,1,1,LRCX,1782208800000,,20,0.01,0.01,0.01,live
SWAP,LTC-USD-SWAP,10462,,,LTC,10,1,USD,1545378827000,,50,0.01,1,1,live
SWAP,LTC-USDT-SWAP,10463,,,USDT,1,1,LTC,1573557408000,,50,0.01,0.1,0.1,live
SWAP,LUNA-USDT-SWAP,86333,,,USDT,1,1,LUNA,1653746082125,,10,0.00001,1,1,live
SWAP,LUNR-USDT-SWAP,295065,,,USDT,1,1,LUNR,1780306200000,,10,0.01,0.1,0.1,live
SWAP,LYTE-USDT-SWAP,414700,,,USDT,1,1,LYTE,1786958100000,,10,0.01,0.1,0.1,live
SWAP,MAGIC-USDT-SWAP,114225,,,USDT,1,1,MAGIC,1675321549791,,20,0.00001,1,1,live
SWAP,MANA-USDT-SWAP,16652,,,USDT,10,1,MANA,1615539600000,,20,0.00001,1,1,live
SWAP,MARA-USDT-SWAP,431718,,,USDT,1,1,MARA,1787824800000,,10,0.01,0.1,0.1,live
SWAP,MASK-USDT-SWAP,15720,,,USDT,1,1,MASK,1614841200000,,20,0.0001,1,1,live
SWAP,ME-USDT-SWAP,187915,,,USDT,1,1,ME,1733844600107,,20,0.00001,1,1,live
SWAP,MEGA-USDT-SWAP,266789,,,USDT,10,1,MEGA,1777550400000,,20,0.00001,1,1,live
SWAP,MEME-USDT-SWAP,136870,,,USDT,100,1,MEME,1699001700715,,20,0.0000001,1,1,live
SWAP,MERL-USDT-SWAP,156206,,,USDT,1,1,MERL,1713522300606,,20,0.00001,1,1,live
SWAP,MET-USDT-SWAP,230928,,,USDT,1,1,MET,1760084100254,,20,0.0001,1,1,live
SWAP,META-USDT-SWAP,251761,,,USDT,1,1,META,1772613000000,,20,0.01,0.01,0.01,live
SWAP,METIS-USDT-SWAP,142725,,,USDT,0.1,1,METIS,1703757300614,,10,0.001,1,1,live
SWAP,MEW-USDT-SWAP,155695,,,USDT,1000,1,MEW,1713169500531,,20,0.0000001,1,1,live
SWAP,MINA-USDT-SWAP,23554,,,USDT,1,1,MINA,1623229200000,,20,0.00001,1,1,live
SWAP,MINIMAX-USDT-SWAP,329241,,,USDT,1,1,MINIMAX,1782285300000,,20,0.01,0.1,0.1,live
SWAP,MMT-USDT-SWAP,234681,,,USDT,10,1,MMT,1762259401259,,20,0.0001,1,1,live
SWAP,MON-USDT-SWAP,230927,,,USDT,10,1,MON,1760083200427,,50,0.00001,1,1,live
SWAP,MOODENG-USDT-SWAP,176639,,,USDT,10,1,MOODENG,1727938802849,,20,0.00001,1,1,live
SWAP,MOONSHOT-USDT-SWAP,414812,,,USDT,1,1,MOONSHOT,1786957200000,,5,0.01,0.1,0.1,live
SWAP,MORPHO-USDT-SWAP,186041,,,USDT,1,1,MORPHO,1732528800980,,20,0.0001,1,1,live
SWAP,MOVE-USDT-SWAP,187846,,,USDT,10,1,MOVE,1733749202646,,20,0.000001,1,1,live
SWAP,MRK-USDT-SWAP,431672,,,USDT,1,1,MRK,1787823000000,,10,0.01,0.01,0.01,live
SWAP,MRNA-USDT-SWAP,421581,,,USDT,1,1,MRNA,1787302800000,,20,0.01,0.01,0.01,live
SWAP,MRVL-USDT-SWAP,272176,,,USDT,1,1,MRVL,1778581800000,,50,0.01,0.01,0.01,live
SWAP,MSFT-USDT-SWAP,251759,,,USDT,1,1,MSFT,1772611200000,,20,0.01,0.01,0.01,live
SWAP,MSTR-USDT-SWAP,250629,,,USDT,1,1,MSTR,1772013600000,,50,0.01,0.01,0.01,live
SWAP,MSTU-USDT-SWAP,475523,,,USDT,1,1,MSTU,1790154000000,,10,0.001,0.1,0.1,live
SWAP,MU-USDT-SWAP,251756,,,USDT,1,1,MU,1772608500000,,50,0.01,0.01,0.01,live
SWAP,MUBARAK-USDT-SWAP,212925,,,USDT,100,1,MUBARAK,1748946600286,,20,0.000001,1,1,live
SWAP,MUU-USDT-SWAP,341568,,,USDT,1,1,MUU,1782984600000,,20,0.01,0.01,0.01,live
SWAP,MVLL-USDT-SWAP,341554,,,USDT,1,1,MVLL,1782983700000,,10,0.01,0.1,0.1,live
SWAP,NAVER-USDT-SWAP,463426,,,USDT,1,1,NAVER,1789537500000,,10,0.01,0.01,0.01,live
SWAP,NBIS-USDT-SWAP,276414,,,USDT,1,1,NBIS,1779182100000,,25,0.01,0.01,0.01,live
SWAP,NEAR-USDT-SWAP,10523,,,USDT,10,1,NEAR,1608544800000,,50,0.001,0.1,0.1,live
SWAP,NEIRO-USDT-SWAP,176640,,,USDT,1000,1,NEIRO,1727939701217,,20,0.00000001,1,1,live
SWAP,NEO-USDT-SWAP,10477,,,USDT,1,1,NEO,1582888608000,,20,0.001,1,1,live
SWAP,NES-USDT-SWAP,329638,,,USDT,10,1,NES,1782307800000,,10,0.0001,1,1,live
SWAP,NET-USDT-SWAP,406290,,,USDT,1,1,NET,1786523400000,,20,0.01,0.01,0.01,live
SWAP,NFLX-USDT-SWAP,252676,,,USDT,1,1,NFLX,1773223200000,,20,0.01,0.01,0.01,live
SWAP,NG-USDT-SWAP,252551,,,USDT,1,1,NG,1773133200000,,50,0.001,1,1,live
SWAP,NIGHT-USDT-SWAP,239610,,,USDT,100,1,NIGHT,1765279800000,,20,0.000001,1,1,live
SWAP,NKE-USDT-SWAP,490871,,,USDT,1,1,NKE,1790935200000,,20,0.001,0.1,0.1,live
SWAP,NMR-USDT-SWAP,144154,,,USDT,0.1,1,NMR,1704959700642,,20,0.001,1,1,live
SWAP,NOK-USDT-SWAP,287964,,,USDT,1,1,NOK,1779878700000,,20,0.001,0.1,0.1,live
SWAP,NOT-USDT-SWAP,159068,,,USDT,100,1,NOT,1715862465350,,20,0.0000001,1,1,live
SWAP,NOW-USDT-SWAP,296658,,,USDT,1,1,NOW,1780399800000,,20,0.01,0.01,0.01,live
SWAP,NVDA-USDT-SWAP,251755,,,USDT,1,1,NVDA,1772607600000,,50,0.01,0.01,0.01,live
SWAP,NVDL-USDT-SWAP,431738,,,USDT,1,1,NVDL,1787826600000,,20,0.01,0.1,0.1,live
SWAP,O-USDT-SWAP,319272,,,USDT,10,1,O,1781713800000,,10,0.0001,1,1,live
SWAP,OFC-USDT-SWAP,258465,,,USDT,100,1,OFC,1775732400000,,10,0.000001,1,1,live
SWAP,OKB-USDT-SWAP,225888,,,USDT,0.01,1,OKB,1756951200395,,20,0.01,1,1,live
SWAP,OKLO-USDT-SWAP,472240,,,USDT,1,1,OKLO,1789982100000,,10,0.001,0.1,0.1,live
SWAP,OKTA-USDT-SWAP,385894,,,USDT,1,1,OKTA,1785402000000,,10,0.01,0.01,0.01,live
SWAP,OL-USDT-SWAP,233768,,,USDT,100,1,OL,1761732900938,,10,0.000001,1,1,live
SWAP,ON-USDT-SWAP,347914,,,USDT,1,1,ON,1783329300000,,10,0.01,0.1,0.1,live
SWAP,ONDO-USDT-SWAP,170039,,,USDT,10,1,ONDO,1722940203957,,50,0.0001,1,1,live
SWAP,ONDS-USDT-SWAP,317251,,,USDT,1,1,ONDS,1781604000000,,10,0.001,1,1,live
SWAP,ONE-USDT-SWAP,149035,,,USDT,100,1,ONE,1708426039038,,10,0.0000001,1,1,live
SWAP,ONT-USDT-SWAP,10526,,,USDT,10,1,ONT,1587463971000,,20,0.00001,1,1,live
SWAP,OP-USDT-SWAP,86647,,,USDT,1,1,OP,1654055717137,,50,0.00001,1,1,live
SWAP,OPENAI-USDT-SWAP,270078,,,USDT,1,1,OPENAI,1778145300000,,20,0.01,0.01,0.01,live
SWAP,OPG-USDT-SWAP,263389,,,USDT,10,1,OPG,1776934800000,,20,0.00001,1,1,live
SWAP,OPN-USDT-SWAP,250452,,,USDT,10,1,OPN,1771847700000,,20,0.00001,1,1,live
SWAP,ORCL-USDT-SWAP,252678,,,USDT,1,1,ORCL,1773223200000,,20,0.01,0.01,0.01,live
SWAP,ORDER-USDT-SWAP,229478,,,USDT,10,1,ORDER,1759245300953,,20,0.00001,1,1,live
SWAP,ORDI-USDT-SWAP,122045,,,USDT,0.1,1,ORDI,1684662900862,,20,0.001,1,1,live
SWAP,OSCR-USDT-SWAP,347962,,,USDT,1,1,OSCR,1783332000000,,10,0.01,0.1,0.1,live
SWAP,OURA-USDT-SWAP,475677,,,USDT,1,1,OURA,1790157600000,,20,0.001,0.1,0.1,live
SWAP,OUST-USDT-SWAP,414704,,,USDT,1,1,OUST,1786959000000,,10,0.01,0.1,0.1,live
SWAP,PARTI-USDT-SWAP,203329,,,USDT,10,1,PARTI,1742909400471,,10,0.00001,1,1,live
SWAP,PENDLE-USDT-SWAP,227627,,,USDT,1,1,PENDLE,1758093984811,,50,0.001,1,1,live
SWAP,PENG-USDT-SWAP,354231,,,USDT,1,1,PENG,1783675800000,,20,0.01,0.1,0.1,live
SWAP,PENGU-USDT-SWAP,189005,,,USDT,100,1,PENGU,1734450902264,,50,0.000001,1,1,live
SWAP,PEOPLE-USDT-SWAP,47664,,,USDT,100,1,PEOPLE,1638427889758,,20,0.000001,1,1,live
SWAP,PEPE-USDT-SWAP,120775,,,USDT,10000000,1,PEPE,1683086101049,,50,0.000000001,0.1,0.1,live
SWAP,PI-USDT-SWAP,198319,,,USDT,1,1,PI,1740042000388,,20,0.00001,1,1,live
SWAP,PIEVERSE-USDT-SWAP,236488,,,USDT,10,1,PIEVERSE,1763263801177,,20,0.0001,1,1,live
SWAP,PIPPIN-USDT-SWAP,238836,,,USDT,10,1,PIPPIN,1764687600000,,20,0.00001,1,1,live
SWAP,PLTR-USDT-SWAP,250826,,,USDT,1,1,PLTR,1772090100000,,20,0.01,0.01,0.01,live
SWAP,PLUME-USDT-SWAP,209300,,,USDT,10,1,PLUME,1746689400330,,20,0.000001,1,1,live
SWAP,PNUT-USDT-SWAP,184109,,,USDT,10,1,PNUT,1731382200304,,20,0.00001,1,1,live
SWAP,POET-USDT-SWAP,317241,,,USDT,1,1,POET,1781603100000,,10,0.001,0.1,0.1,live
SWAP,POL-USDT-SWAP,175501,,,USDT,10,1,POL,1727166600128,,50,0.00001,1,1,live
SWAP,PONS-USDT-SWAP,445948,,,USDT,10,1,PONS,1788577200000,,20,0.0001,1,1,live
SWAP,POPCAT-USDT-SWAP,172607,,,USDT,10,1,POPCAT,1724922000651,,20,0.00001,1,1,live
SWAP,POPMART-USDT-SWAP,406273,,,USDT,1,1,POPMART,1786519800000,,20,0.01,0.1,0.1,live
SWAP,PROS-USDT-SWAP,265571,,,USDT,1,1,PROS,1777384800000,,10,0.0001,1,1,live
SWAP,PROVE-USDT-SWAP,232285,,,USDT,1,1,PROVE,1760700601003,,20,0.0001,1,1,live
SWAP,PUMP-USDT-SWAP,218603,,,USDT,1000,1,PUMP,1752514200381,,50,0.000001,1,1,live
SWAP,PURR-USDT-SWAP,421591,,,USDT,1,1,PURR,1787303700000,,20,0.01,0.1,0.1,live
SWAP,PYPL-USDT-SWAP,442948,,,USDT,1,1,PYPL,1788426000000,,10,0.01,0.1,0.1,live
SWAP,PYTH-USDT-SWAP,138497,,,USDT,10,1,PYTH,1700492100712,,50,0.00001,1,1,live
SWAP,QCOM-USDT-SWAP,276415,,,USDT,1,1,QCOM,1779183000000,,20,0.01,0.01,0.01,live
SWAP,QNT-USDT-SWAP,301398,,,USDT,1,1,QNT,1780655400000,,10,0.01,0.1,0.1,live
SWAP,QQQ-USDT-SWAP,251762,,,USDT,1,1,QQQ,1772613900000,,50,0.01,0.01,0.01,live
SWAP,QTUM-USDT-SWAP,10479,,,USDT,1,1,QTUM,1587463971000,,20,0.0001,1,1,live
SWAP,QUANT-USDT-SWAP,488922,,,USDT,0.01,1,QUANT,1790841600000,,50,0.1,1,1,live
SWAP,RAM-USDT-SWAP,341598,,,USDT,1,1,RAM,1782985500000,,10,0.01,0.1,0.1,live
SWAP,RAVE-USDT-SWAP,240513,,,USDT,10,1,RAVE,1765785600000,,20,0.0001,0.01,0.01,live
SWAP,RAY-USDT-SWAP,151470,,,USDT,1,1,RAY,1710239100609,,20,0.0001,1,1,live
SWAP,RDDT-USDT-SWAP,319881,,,USDT,1,1,RDDT,1781776800000,,10,0.01,0.01,0.01,live
SWAP,RDW-USDT-SWAP,295058,,,USDT,1,1,RDW,1780305300000,,10,0.001,0.1,0.1,live
SWAP,RE-USDT-SWAP,318802,,,USDT,10,1,RE,1781692200000,,20,0.00001,1,1,live
SWAP,RECALL-USDT-SWAP,233933,,,USDT,10,1,RECALL,1761819300976,,10,0.00001,1,1,live
SWAP,RENDER-USDT-SWAP,170252,,,USDT,1,1,RENDER,1723105800136,,20,0.001,1,1,live
SWAP,RESOLV-USDT-SWAP,213805,,,USDT,10,1,RESOLV,1749565800438,,10,0.00001,1,1,live
SWAP,RIOT-USDT-SWAP,406286,,,USDT,1,1,RIOT,1786522500000,,10,0.01,0.1,0.1,live
SWAP,RIVER-USDT-SWAP,243614,,,USDT,0.1,1,RIVER,1767942000000,,20,0.001,1,1,live
SWAP,RIVN-USDT-SWAP,319873,,,USDT,1,1,RIVN,1781775000000,,20,0.01,0.1,0.1,live
SWAP,RKLB-USDT-SWAP,272171,,,USDT,1,1,RKLB,1778580900000,,20,0.01,0.01,0.01,live
SWAP,RLS-USDT-SWAP,238841,,,USDT,100,1,RLS,1764688500000,,10,0.000001,1,1,live
SWAP,ROBO-USDT-SWAP,251233,,,USDT,100,1,ROBO,1772206200000,,10,0.000001,1,1,live
SWAP,ROK-USDT-SWAP,311426,,,USDT,1,1,ROK,1781256600000,,10,0.01,0.01,0.01,live
SWAP,RSR-USDT-SWAP,10528,,,USDT,100,1,RSR,1599646371000,,20,0.000001,1,1,live
SWAP,RVN-USDT-SWAP,19722,,,USDT,10,1,RVN,1619161200000,,20,0.000001,1,1,live
SWAP,S-USDT-SWAP,193995,,,USDT,10,1,S,1737450000523,,20,0.00001,1,1,live
SWAP,SAHARA-USDT-SWAP,216072,,,USDT,10,1,SAHARA,1750941000359,,20,0.000001,1,1,live
SWAP,SAMSUNG-USDT-SWAP,308039,,,USDT,1,1,SAMSUNG,1781070300000,,25,0.01,0.01,0.01,live
SWAP,SAND-USDT-SWAP,18136,,,USDT,10,1,SAND,1617354000000,,50,0.00001,1,1,live
SWAP,SAPIEN-USDT-SWAP,235077,,,USDT,10,1,SAPIEN,1762429500524,,10,0.00001,1,1,live
SWAP,SATS-USDT-SWAP,141681,,,USDT,10000000,1,SATS,1702889700612,,10,0.000000000001,1,1,live
SWAP,SECZ-USDT-SWAP,490939,,,USDT,1,1,SECZ,1790937000000,,20,0.001,0.1,0.1,live
SWAP,SEI-USDT-SWAP,236302,,,USDT,10,1,SEI,1763105401238,,50,0.00001,1,1,live
SWAP,SENT-USDT-SWAP,236363,,,USDT,100,1,SENT,1763132401716,,20,0.00001,1,1,live
SWAP,SHAZ-USDT-SWAP,354209,,,USDT,1,1,SHAZ,1783674000000,,10,0.01,0.1,0.1,live
SWAP,SHEIN-USDT-SWAP,441312,,,USDT,1,1,SHEIN,1788332400000,,10,0.001,1,1,live
SWAP,SHELL-USDT-SWAP,199507,,,USDT,10,1,SHELL,1740657600557,,10,0.00001,1,1,live
SWAP,SHIB-USDT-SWAP,21073,,,USDT,1000000,1,SHIB,1620550800000,,50,0.000000001,0.1,0.1,live
SWAP,SHLD-USDT-SWAP,272170,,,USDT,1,1,SHLD,1778580000000,,10,0.01,0.1,0.1,live
SWAP,SHOP-USDT-SWAP,397530,,,USDT,1,1,SHOP,1786015800000,,10,0.01,0.01,0.01,live
SWAP,SIGN-USDT-SWAP,208012,,,USDT,100,1,SIGN,1745839800340,,20,0.000001,1,1,live
SWAP,SIMO-USDT-SWAP,347943,,,USDT,1,1,SIMO,1783331100000,,20,0.01,0.01,0.01,live
SWAP,SKDD-USDT-SWAP,403314,,,USDT,1,1,SKDD,1786353300000,,20,0.001,0.1,0.1,live
SWAP,SKHY-USDT-SWAP,354903,,,USDT,1,1,SKHY,1783699800000,,50,0.01,0.01,0.01,live
SWAP,SKHYNIX-USDT-SWAP,308170,,,USDT,1,1,SKHYNIX,1781070600000,,50,0.1,0.001,0.001,live
SWAP,SKUU-USDT-SWAP,403296,,,USDT,1,1,SKUU,1786352400000,,20,0.01,0.1,0.1,live
SWAP,SKY-USDT-SWAP,226759,,,USDT,100,1,SKY,1757590200404,,20,0.00001,1,1,live
SWAP,SLX-USDT-SWAP,294874,,,USDT,10,1,SLX,1780291800000,,20,0.00001,1,1,live
SWAP,SMCI-USDT-SWAP,329218,,,USDT,1,1,SMCI,1782294300000,,20,0.01,0.1,0.1,live
SWAP,SMH-USDT-SWAP,319282,,,USDT,1,1,SMH,1781773200000,,20,0.01,0.01,0.01,live
SWAP,SNDK-USDT-SWAP,251757,,,USDT,1,1,SNDK,1772609400000,,75,0.1,0.001,0.001,live
SWAP,SNOW-USDT-SWAP,365842,,,USDT,1,1,SNOW,1784287800000,,20,0.01,0.01,0.01,live
SWAP,SNX-USDT-SWAP,10529,,,USDT,1,1,SNX,1598004771000,,20,0.0001,1,1,live
SWAP,SNXX-USDT-SWAP,360576,,,USDT,1,1,SNXX,1784030400000,,25,0.01,0.1,0.1,live
SWAP,SOFTBANK-USDT-SWAP,341314,,,USDT,1,1,SOFTBANK,1782970200000,,10,0.01,0.1,0.1,live
SWAP,SOL-USD-SWAP,47079,,,SOL,10,1,USD,1637833825870,,50,0.01,1,1,live
SWAP,SOL-USDT-SWAP,10530,,,USDT,1,1,SOL,1611298800000,,100,0.01,0.01,0.01,live
SWAP,SONY-USDT-SWAP,329214,,,USDT,1,1,SONY,1782293400000,,10,0.01,0.1,0.1,live
SWAP,SOON-USDT-SWAP,211603,,,USDT,10,1,SOON,1747999800456,,20,0.0001,0.1,0.1,live
SWAP,SOPH-USDT-SWAP,212107,,,USDT,100,1,SOPH,1748439000413,,10,0.000001,1,1,live
SWAP,SOXL-USDT-SWAP,276411,,,USDT,1,1,SOXL,1779181200000,,20,0.01,0.01,0.01,live
SWAP,SOXS-USDT-SWAP,365200,,,USDT,1,1,SOXS,1784278800000,,25,0.01,0.1,0.1,live
SWAP,SPACE-USDT-SWAP,245724,,,USDT,100,1,SPACE,1769173200000,,20,0.000001,1,1,live
SWAP,SPCH-USDT-SWAP,441326,,,USDT,1,1,SPCH,1788336900000,,10,0.001,1,1,live
SWAP,SPCX-USDT-SWAP,270065,,,USDT,1,1,SPCX,1778144400000,,75,0.01,0.01,0.01,live
SWAP,SPK-USDT-SWAP,214785,,,USDT,100,1,SPK,1750156200346,,20,0.00001,1,1,live
SWAP,SPX-USDT-SWAP,218934,,,USDT,1,1,SPX,1752728400453,,20,0.0001,1,1,live
SWAP,SPY-USDT-SWAP,251763,,,USDT,1,1,SPY,1772614800000,,50,0.01,0.01,0.01,live
SWAP,SQQQ-USDT-SWAP,360597,,,USDT,1,1,SQQQ,1784031300000,,20,0.01,0.1,0.1,live
SWAP,SSV-USDT-SWAP,138636,,,USDT,0.1,1,SSV,1700711700717,,20,0.001,1,1,live
SWAP,STABLE-USDT-SWAP,239503,,,USDT,100,1,STABLE,1765200600000,,20,0.00001,1,1,live
SWAP,STRC-USDT-SWAP,337188,,,USDT,1,1,STRC,1782725400000,,25,0.01,0.1,0.1,live
SWAP,STRK-USDT-SWAP,149046,,,USDT,1,1,STRK,1708433700141,,50,0.00001,1,1,live
SWAP,STX-USDT-SWAP,115562,,,USDT,10,1,STX,1676969758164,,20,0.0001,0.1,0.1,live
SWAP,SUI-USD-SWAP,180525,,,SUI,10,1,USD,1729234800104,,20,0.0001,1,1,live
SWAP,SUI-USDT-SWAP,120850,,,USDT,1,1,SUI,1683258900891,,50,0.0001,1,1,live
SWAP,SUSHI-USDT-SWAP,10536,,,USDT,1,1,SUSHI,1599041571000,,50,0.0001,1,1,live
SWAP,SYRUP-USDT-SWAP,216937,,,USDT,10,1,SYRUP,1751524200291,,20,0.0001,1,1,live
SWAP,TAO-USDT-SWAP,174952,,,USDT,0.01,1,TAO,1726808400182,,50,0.1,1,1,live
SWAP,TEAM-USDT-SWAP,472261,,,USDT,1,1,TEAM,1789983900000,,10,0.01,0.01,0.01,live
SWAP,TEM-USDT-SWAP,472247,,,USDT,1,1,TEM,1789983000000,,10,0.001,0.1,0.1,live
SWAP,TER-USDT-SWAP,317222,,,USDT,1,1,TER,1781601300000,,20,0.01,0.01,0.01,live
SWAP,THETA-USDT-SWAP,10539,,,USDT,10,1,THETA,1587463971000,,20,0.0001,0.1,0.1,live
SWAP,TIA-USDT-SWAP,136595,,,USDT,1,1,TIA,1698776700675,,50,0.0001,1,1,live
SWAP,TMF-USDT-SWAP,384729,,,USDT,1,1,TMF,1785315600000,,20,0.01,0.1,0.1,live
SWAP,TQQQ-USDT-SWAP,341547,,,USDT,1,1,TQQQ,1782982800000,,10,0.01,0.1,0.1,live
SWAP,TRB-USDT-SWAP,10540,,,USDT,0.1,1,TRB,1599559971000,,20,0.01,1,1,live
SWAP,TRIA-USDT-SWAP,247790,,,USDT,100,1,TRIA,1770276600000,,10,0.000001,1,1,live
SWAP,TRUMP-USDT-SWAP,193761,,,USDT,0.1,1,TRUMP,1737264604112,,50,0.001,1,1,live
SWAP,TRUST-USDT-SWAP,234940,,,USDT,10,1,TRUST,1762342200957,,10,0.00001,1,1,live
SWAP,TRUTH-USDT-SWAP,238320,,,USDT,100,1,TRUTH,1764329400000,,10,0.000001,1,1,live
SWAP,TRX-USDT-SWAP,10473,,,USDT,1000,1,TRX,1573557408000,,50,0.00001,0.01,0.01,live
SWAP,TSEM-USDT-SWAP,331079,,,USDT,1,1,TSEM,1782384300000,,10,0.01,0.01,0.01,live
SWAP,TSLA-USDT-SWAP,250628,,,USDT,1,1,TSLA,1772010000000,,25,0.01,0.01,0.01,live
SWAP,TSLL-USDT-SWAP,431725,,,USDT,1,1,TSLL,1787825700000,,20,0.001,1,1,live
SWAP,TSM-USDT-SWAP,252673,,,USDT,1,1,TSM,1773223200000,,20,0.01,0.01,0.01,live
SWAP,TTMI-USDT-SWAP,327368,,,USDT,1,1,TTMI,1782209700000,,10,0.01,0.01,0.01,live
SWAP,TTWO-USDT-SWAP,347966,,,USDT,1,1,TTWO,1783332900000,,25,0.01,0.01,0.01,live
SWAP,TURBO-USDT-SWAP,141070,,,USDT,10000,1,TURBO,1702547700612,,20,0.0000001,0.1,0.1,live
SWAP,TWLO-USDT-SWAP,311388,,,USDT,1,1,TWLO,1781254800000,,10,0.01,0.01,0.01,live
SWAP,UB-USDT-SWAP,265560,,,USDT,100,1,UB,1777383000000,,20,0.00001,1,1,live
SWAP,UMA-USDT-SWAP,10541,,,USDT,0.1,1,UMA,1599214371000,,10,0.0001,1,1,live
SWAP,UNH-USDT-SWAP,347978,,,USDT,1,1,UNH,1783333800000,,20,0.01,0.01,0.01,live
SWAP,UNI-USD-SWAP,10542,,,UNI,10,1,USD,1600340400000,,20,0.001,1,1,live
SWAP,UNI-USDT-SWAP,10543,,,USDT,1,1,UNI,1600317000000,,50,0.001,1,1,live
SWAP,UNITREE-USDT-SWAP,417365,,,USDT,1,1,UNITREE,1787116500000,,20,0.01,0.01,0.01,live
SWAP,UP-USDT-SWAP,258106,,,USDT,10,1,UP,1775646000000,,10,0.0001,1,1,live
SWAP,URNM-USDT-SWAP,279098,,,USDT,1,1,URNM,1779354900000,,20,0.01,0.1,0.1,live
SWAP,US100-USDT-SWAP,453981,,,USDT,1,1,US100,1789031700000,,20,1,0.0001,0.0001,live
SWAP,US500-USDT-SWAP,453916,,,USDT,1,1,US500,1789030800000,,20,0.1,0.001,0.001,live
SWAP,USAR-USDT-SWAP,265066,,,USDT,1,1,USAR,1777298400000,,20,0.01,0.1,0.1,live
SWAP,USDC-USDT-SWAP,116826,,,USDT,10,1,USDC,1678607700793,,50,0.000001,1,1,live
SWAP,USELESS-USDT-SWAP,220516,,,USDT,10,1,USELESS,1753437600380,,10,0.00001,1,1,live
SWAP,USO-USDT-SWAP,271824,,,USDT,1,1,USO,1778493600000,,20,0.01,0.01,0.01,live
SWAP,UVXY-USDT-SWAP,329200,,,USDT,1,1,UVXY,1782291600000,,20,0.01,0.1,0.1,live
SWAP,VANA-USDT-SWAP,188993,,,USDT,0.1,1,VANA,1734408000582,,20,0.0001,1,1,live
SWAP,VIRTUAL-USDT-SWAP,188034,,,USDT,1,1,VIRTUAL,1733911200140,,20,0.0001,1,1,live
SWAP,VRT-USDT-SWAP,289375,,,USDT,1,1,VRT,1779960600000,,20,0.01,0.01,0.01,live
SWAP,VVV-USDT-SWAP,342909,,,USDT,0.1,1,VVV,1783058400000,,20,0.001,1,1,live
SWAP,W-USDT-SWAP,154132,,,USDT,1,1,W,1712147100572,,20,0.000001,1,1,live
SWAP,WAL-USDT-SWAP,209298,,,USDT,10,1,WAL,1746687600526,,10,0.00001,1,1,live
SWAP,WCT-USDT-SWAP,206314,,,USDT,10,1,WCT,1744716600433,,20,0.00001,1,1,live
SWAP,WDC-USDT-SWAP,272181,,,USDT,1,1,WDC,1778582700000,,20,0.01,0.01,0.01,live
SWAP,WEN-USDT-SWAP,331075,,,USDT,1,1,WEN,1782383400000,,10,0.001,1,1,live
SWAP,WET-USDT-SWAP,239628,,,USDT,10,1,WET,1765296000000,,20,0.00001,1,1,live
SWAP,WIF-USDT-SWAP,155700,,,USDT,1,1,WIF,1713173100603,,50,0.0001,1,1,live
SWAP,WLD-USDT-SWAP,127411,,,USDT,1,1,WLD,1690199721595,,50,0.0001,1,1,live
SWAP,WLFI-USDT-SWAP,224581,,,USDT,10,1,WLFI,1755954000424,,50,0.00001,1,1,live
SWAP,WMT-USDT-SWAP,431687,,,USDT,1,1,WMT,1787823900000,,10,0.01,0.01,0.01,live
SWAP,WOO-USDT-SWAP,114961,,,USDT,10,1,WOO,1676357700337,,10,0.00001,1,1,live
SWAP,XAG-USDT-SWAP,246281,,,USDT,0.01,1,XAG,1769601600000,,50,0.01,1,1,live
SWAP,XAU-USDT-SWAP,205379,,,USDT,0.001,1,XAU,1744192800563,,100,0.1,1,1,live
SWAP,XBI-USDT-SWAP,360640,,,USDT,1,1,XBI,1784032200000,,20,0.01,0.01,0.01,live
SWAP,XCU-USDT-SWAP,251850,,,USDT,1,1,XCU,1772625600000,,50,0.0001,1,1,live
SWAP,XDP-USDT-SWAP,484286,,,USDT,100,1,XDP,1790604000000,,20,0.00001,1,1,live
SWAP,XIAOMI-USDT-SWAP,406280,,,USDT,1,1,XIAOMI,1786520700000,,20,0.001,1,1,live
SWAP,XLE-USDT-SWAP,271825,,,USDT,1,1,XLE,1778494500000,,20,0.01,0.1,0.1,live
SWAP,XLM-USDT-SWAP,10481,,,USDT,100,1,XLM,1587463971000,,50,0.00001,0.1,0.1,live
SWAP,XOM-USDT-SWAP,453985,,,USDT,1,1,XOM,1789032600000,,10,0.01,0.01,0.01,live
SWAP,XPD-USDT-SWAP,247317,,,USDT,0.001,1,XPD,1770012000000,,50,0.1,1,1,live
SWAP,XPL-USDT-SWAP,225095,,,USDT,10,1,XPL,1756378800384,,50,0.00001,1,1,live
SWAP,XPT-USDT-SWAP,247318,,,USDT,0.001,1,XPT,1770013800000,,50,0.1,1,1,live
SWAP,XRP-USD-SWAP,10470,,,XRP,10,1,USD,1545378827000,,50,0.0001,1,1,live
SWAP,XRP-USDT-SWAP,10471,,,USDT,100,1,XRP,1573557408000,,100,0.0001,0.01,0.01,live
SWAP,XTZ-USDT-SWAP,10549,,,USDT,1,1,XTZ,1587463971000,,20,0.0001,1,1,live
SWAP,YB-USDT-SWAP,231478,,,USDT,1,1,YB,1760252400368,,20,0.00001,1,1,live
SWAP,YFI-USDT-SWAP,10551,,,USDT,0.0001,1,YFI,1599041571000,,20,1,1,1,live
SWAP,YGG-USDT-SWAP,27541,,,USDT,1,1,YGG,1628240400000,,10,0.00001,1,1,live
SWAP,ZAMA-USDT-SWAP,243639,,,USDT,10,1,ZAMA,1767969000000,,20,0.00001,1,1,live
SWAP,ZBT-USDT-SWAP,232342,,,USDT,1,1,ZBT,1760700600342,,10,0.00001,1,1,live
SWAP,ZEC-USDT-SWAP,234991,,,USDT,0.01,1,ZEC,1762398900578,,50,0.01,1,1,live
SWAP,ZEN-USDT-SWAP,234440,,,USDT,0.1,1,ZEN,1762149601773,,50,0.001,1,1,live
SWAP,ZETA-USDT-SWAP,146706,,,USDT,10,1,ZETA,1706757900607,,20,0.00001,1,1,live
SWAP,ZHIPU-USDT-SWAP,329231,,,USDT,1,1,ZHIPU,1782284400000,,25,0.01,0.01,0.01,live
SWAP,ZHONGJI-USDT-SWAP,451930,,,USDT,1,1,ZHONGJI,1788933600000,,20,0.01,0.01,0.01,live
SWAP,ZIL-USDT-SWAP,10557,,,USDT,100,1,ZIL,1599646371000,,20,0.000001,1,1,live
SWAP,ZK-USDT-SWAP,162969,,,USDT,10,1,ZK,1718699100579,,20,0.000001,1,1,live
SWAP,ZKP-USDT-SWAP,243374,,,USDT,10,1,ZKP,1767793500000,,20,0.00001,1,1,live
SWAP,ZM-USDT-SWAP,365827,,,USDT,1,1,ZM,1784279700000,,20,0.01,0.1,0.1,live
SWAP,ZORA-USDT-SWAP,230935,,,USDT,10,1,ZORA,1760095801229,,10,0.000001,1,1,live
SWAP,ZRO-USDT-SWAP,163161,,,USDT,1,1,ZRO,1718886300653,,20,0.0001,1,1,live
SWAP,ZRX-USDT-SWAP,10558,,,USDT,10,1,ZRX,1598004771000,,10,0.00001,1,1,live
FUTURES,0G-USD_UM_XPERP-310905,442600,,,USD,1,1,0G,1788423300133,1946361600000,20,0.0001,1,1,live
FUTURES,AAOI-USD_UM_XPERP-310711,352654,,,USD,1,1,AAOI,1783589400200,1941523200000,20,0.01,0.01,0.01,live
FUTURES,AAPL-USD_UM_XPERP-310613,306550,,,USD,1,1,AAPL,1780988400165,1939104000000,20,0.01,0.01,0.01,live
FUTURES,AAVE-USD_UM_XPERP-310704,338551,,,USD,0.1,1,AAVE,1782808200135,1940918400000,50,0.01,0.1,0.1,live
FUTURES,ACT-USD_UM_XPERP-310704,338545,,,USD,1,1,ACT,1782807300125,1940918400000,10,0.000001,1,1,live
FUTURES,ACU-USD_UM_XPERP-310822,415888,,,USD,10,1,ACU,1787040900269,1945152000000,10,0.00001,1,1,live
FUTURES,ADA-USD_UM_XPERP-310404,255647,,,USD,10,1,ADA,1775016325770,1933056000000,20,0.0001,1,1,live
FUTURES,ADBE-USD_UM_XPERP-311003,490100,,,USD,1,1,ADBE,1790931600161,1948780800000,20,0.01,0.01,0.01,live
FUTURES,AEON-USD_UM_XPERP-310801,381879,,,USD,10,1,AEON,1785151800134,1943337600000,20,0.00001,1,1,live
FUTURES,AERO-USD_UM_XPERP-310912,452033,,,USD,10,1,AERO,1788942600118,1946966400000,20,0.0001,1,1,live
FUTURES,AGLD-USD_UM_XPERP-310926,471971,,,USD,1,1,AGLD,1789978500136,1948176000000,20,0.0001,1,1,live
FUTURES,AI-USD_UM_XPERP-310704,341279,,,USD,100,1,AI,1782980100157,1940918400000,10,0.00001,1,1,live
FUTURES,ALGO-USD_UM_XPERP-310711,352642,,,USD,10,1,ALGO,1783588500119,1941523200000,20,0.00001,1,1,live
FUTURES,ALLO-USD_UM_XPERP-310718,360549,,,USD,10,1,ALLO,1784030400241,1942128000000,10,0.00001,1,1,live
FUTURES,AMAT-USD_UM_XPERP-310926,473810,,,USD,1,1,AMAT,1790067600137,1948176000000,20,0.01,0.01,0.01,live
FUTURES,AMD-USD_UM_XPERP-310711,354190,,,USD,1,1,AMD,1783671000188,1941523200000,20,0.01,0.01,0.01,live
FUTURES,AMZN-USD_UM_XPERP-310613,306637,,,USD,1,1,AMZN,1780989300104,1939104000000,20,0.01,0.01,0.01,live
FUTURES,ANTHROPIC-USD_UM_XPERP-310912,449521,,,USD,1,1,ANTHROPIC,1788829200141,1946966400000,20,0.01,0.001,0.001,live
FUTURES,APE-USD_UM_XPERP-311003,483505,,,USD,0.1,1,APE,1790585100121,1948780800000,20,0.00001,1,1,live
FUTURES,APP-USD_UM_XPERP-311003,490104,,,USD,1,1,APP,1790932500145,1948780800000,20,0.01,0.01,0.01,live
FUTURES,APR-USD_UM_XPERP-310815,407616,,,USD,10,1,APR,1786611600168,1944547200000,20,0.0001,1,1,live
FUTURES,APT-USD_UM_XPERP-310815,406028,,,USD,1,1,APT,1786526100163,1944547200000,20,0.0001,1,1,live
FUTURES,AR-USD_UM_XPERP-310926,476927,,,USD,0.1,1,AR,1790237700144,1948176000000,20,0.001,1,1,live
FUTURES,ARB-USD_UM_XPERP-310815,404965,,,USD,10,1,ARB,1786439700168,1944547200000,20,0.00001,0.1,0.1,live
FUTURES,ARM-USD_UM_XPERP-310822,416110,,,USD,1,1,ARM,1787045400163,1945152000000,20,0.01,0.01,0.01,live
FUTURES,ARX-USD_UM_XPERP-310627,329183,,,USD,10,1,ARX,1782282600131,1940313600000,20,0.0001,1,1,live
FUTURES,ASTER-USD_UM_XPERP-310829,426797,,,USD,1,1,ASTER,1787558400386,1945756800000,20,0.0001,1,1,live
FUTURES,ASTS-USD_UM_XPERP-310926,477166,,,USD,1,1,ASTS,1790242200156,1948176000000,20,0.01,0.01,0.01,live
FUTURES,ATOM-USD_UM_XPERP-310912,453555,,,USD,1,1,ATOM,1789027200150,1946966400000,20,0.001,1,1,live
FUTURES,AVAX-USD_UM_XPERP-310530,287787,,,USD,10,1,AVAX,1779869700379,1937894400000,20,0.001,0.1,0.1,live
FUTURES,AVGO-USD_UM_XPERP-310829,431308,,,USD,1,1,AVGO,1787828400162,1945756800000,20,0.01,0.01,0.01,live
FUTURES,AVNT-USD_UM_XPERP-310815,409272,,,USD,1,1,AVNT,1786690800186,1944547200000,20,0.00001,1,1,live
FUTURES,AXTI-USD_UM_XPERP-310822,420022,,,USD,1,1,AXTI,1787221800186,1945152000000,20,0.01,0.01,0.01,live
FUTURES,BASED-USD_UM_XPERP-310704,343502,,,USD,10,1,BASED,1783066500207,1940918400000,50,0.00001,1,1,live
FUTURES,BCH-USD_UM_XPERP-310530,287832,,,USD,0.01,1,BCH,1779873300338,1937894400000,20,0.1,1,1,live
FUTURES,BE-USD_UM_XPERP-310829,431332,,,USD,1,1,BE,1787829300117,1945756800000,20,0.01,0.01,0.01,live
FUTURES,BEAT-USD_UM_XPERP-310620,318683,,,USD,1,1,BEAT,1781685900194,1939708800000,10,0.00001,1,1,live
FUTURES,BICO-USD_UM_XPERP-310704,335394,,,USD,1,1,BICO,1782635400099,1940918400000,10,0.00001,1,1,live
FUTURES,BILL-USD_UM_XPERP-310718,362011,,,USD,100,1,BILL,1784106000209,1942128000000,20,0.00001,1,1,live
FUTURES,BIO-USD_UM_XPERP-310808,397483,,,USD,1,1,BIO,1786011300153,1943942400000,20,0.00001,1,1,live
FUTURES,BMNR-USD_UM_XPERP-310822,422141,,,USD,1,1,BMNR,1787304600196,1945152000000,20,0.01,0.1,0.1,live
FUTURES,BNB-USD_UM_XPERP-310523,277704,,,USD,0.01,1,BNB,1779264900241,1937289600000,50,0.1,1,1,live
FUTURES,BONK-USD_UM_XPERP-310725,373121,,,USD,100000,1,BONK,1784707200158,1942732800000,20,0.000000001,1,1,live
FUTURES,BSB-USD_UM_XPERP-310718,363615,,,USD,10,1,BSB,1784192400131,1942128000000,10,0.00001,1,1,live
FUTURES,BTC-USD-261030,410297,,,BTC,100,1,USD,1786695000686,1793347200000,20,0.1,0.1,0.1,live
FUTURES,BTC-USD-261127,479290,,,BTC,100,1,USD,1790323800608,1795766400000,20,0.1,0.1,0.1,live
FUTURES,BTC-USD-261225,258978,,,BTC,100,1,USD,1775808600859,1798185600000,20,0.1,0.1,0.1,live
FUTURES,BTC-USD-270326,366008,,,BTC,100,1,USD,1784275800477,1806048000000,20,0.1,0.1,0.1,live
FUTURES,BTC-USD-270625,373085,,,BTC,100,1,USD,1784620800000,1813910400000,20,0.1,0.1,0.1,live
FUTURES,BTC-USD-270924,373084,,,BTC,100,1,USD,1784620800000,1821772800000,20,0.1,0.1,0.1,live
FUTURES,BTC-USD_UM-261030,433707,,,USD,0.01,1,BTC,1787904600714,1793347200000,20,0.1,0.01,0.01,live
FUTURES,BTC-USD_UM-261127,479289,,,USD,0.01,1,BTC,1790323800603,1795766400000,20,0.1,0.01,0.01,live
FUTURES,BTC-USD_UM-261225,311609,,,USD,0.01,1,BTC,1781251800815,1798185600000,20,0.1,0.01,0.01,live
FUTURES,BTC-USD_UM-270326,373595,,,USD,0.01,1,BTC,1784710800000,1806048000000,20,0.1,0.01,0.01,live
FUTURES,BTC-USD_UM_XPERP-310404,255469,,,USD,0.0001,1,BTC,1774845000428,1933056000000,50,0.1,1,1,live
FUTURES,BZ-USD_UM_XPERP-310509,268582,,,USD,0.01,1,BZ,1777883400339,1936080000000,50,0.01,1,1,live
FUTURES,CAP-USD_UM_XPERP-310704,338553,,,USD,100,1,CAP,1782809100125,1940918400000,20,0.00001,1,1,live
FUTURES,CASHCAT-USD_UM_XPERP-310926,475287,,,USD,10,1,CASHCAT,1790152200364,1948176000000,20,0.0001,1,1,live
FUTURES,CBRS-USD_UM_XPERP-310704,341278,,,USD,1,1,CBRS,1782981900112,1940918400000,20,0.01,0.01,0.01,live
FUTURES,CFX-USD_UM_XPERP-310926,471990,,,USD,10,1,CFX,1789979400530,1948176000000,20,0.00001,1,1,live
FUTURES,CHIP-USD_UM_XPERP-310822,415881,,,USD,100,1,CHIP,1787040000186,1945152000000,20,0.00001,1,1,live
FUTURES,CL-USD_UM_XPERP-310509,268581,,,USD,0.1,1,CL,1777882500320,1936080000000,50,0.01,1,1,live
FUTURES,CNPY-USD_UM_XPERP-310926,475484,,,USD,10,1,CNPY,1790153100544,1948176000000,20,0.0001,1,1,live
FUTURES,COHR-USD_UM_XPERP-310919,465048,,,USD,1,1,COHR,1789634700179,1947571200000,20,0.01,0.01,0.01,live
FUTURES,COIN-USD_UM_XPERP-310801,381575,,,USD,1,1,COIN,1785148200156,1943337600000,20,0.01,0.01,0.01,live
FUTURES,CORE-USD_UM_XPERP-310926,476931,,,USD,1,1,CORE,1790238600152,1948176000000,20,0.00001,1,1,live
FUTURES,CP-USD_UM_XPERP-310905,444338,,,USD,100,1,CP,1788505200138,1946361600000,20,0.00001,1,1,live
FUTURES,CRCL-USD_UM_XPERP-310704,341280,,,USD,1,1,CRCL,1782981000120,1940918400000,20,0.01,0.1,0.1,live
FUTURES,CRDO-USD_UM_XPERP-310926,473814,,,USD,1,1,CRDO,1790068500146,1948176000000,20,0.01,0.01,0.01,live
FUTURES,CRV-USD_UM_XPERP-310815,403374,,,USD,1,1,CRV,1786356900160,1944547200000,20,0.0001,1,1,live
FUTURES,CRWV-USD_UM_XPERP-310822,422145,,,USD,1,1,CRWV,1787305500178,1945152000000,20,0.01,0.01,0.01,live
FUTURES,CT-USD_UM_XPERP-311003,487575,,,USD,10,1,CT,1790769600154,1948780800000,20,0.0001,1,1,live
FUTURES,DASH-USD_UM_XPERP-310829,426845,,,USD,0.01,1,DASH,1787560200207,1945756800000,20,0.01,1,1,live
FUTURES,DATA-USD_UM_XPERP-311003,483478,,,USD,10,1,DATA,1790582400151,1948780800000,20,0.0001,1,1,live
FUTURES,DELL-USD_UM_XPERP-310822,417415,,,USD,1,1,DELL,1787132700166,1945152000000,20,0.01,0.01,0.01,live
FUTURES,DGAI-USD_UM_XPERP-310919,466669,,,USD,10,1,DGAI,1789716600190,1947571200000,20,0.0001,1,1,live
FUTURES,DOGE-USD_UM_XPERP-310404,255652,,,USD,10,1,DOGE,1775016600262,1933056000000,20,0.00001,1,1,live
FUTURES,DOS-USD_UM_XPERP-310815,406066,,,USD,10,1,DOS,1786527900165,1944547200000,20,0.0001,1,1,live
FUTURES,DOT-USD_UM_XPERP-310808,398862,,,USD,1,1,DOT,1786097700162,1943942400000,50,0.0001,1,1,live
FUTURES,DRAM-USD_UM_XPERP-310627,330931,,,USD,1,1,DRAM,1782378000228,1940313600000,20,0.01,0.1,0.1,live
FUTURES,DYDX-USD_UM_XPERP-310822,414423,,,USD,1,1,DYDX,1786954500164,1945152000000,20,0.00001,1,1,live
FUTURES,EDGE-USD_UM_XPERP-310822,421504,,,USD,10,1,EDGE,1787295600241,1945152000000,20,0.0001,1,1,live
FUTURES,EIGEN-USD_UM_XPERP-311003,483497,,,USD,1,1,EIGEN,1790584200139,1948780800000,20,0.0001,1,1,live
FUTURES,ENA-USD_UM_XPERP-310613,309393,,,USD,100,1,ENA,1781167500216,1939104000000,50,0.00001,1,1,live
FUTURES,ENSO-USD_UM_XPERP-310822,414397,,,USD,1,1,ENSO,1786953600192,1945152000000,20,0.0001,1,1,live
FUTURES,ESP-USD_UM_XPERP-310801,388109,,,USD,100,1,ESP,1785492001503,1943337600000,20,0.00001,1,1,live
FUTURES,ETC-USD_UM_XPERP-310808,398852,,,USD,10,1,ETC,1786096800234,1943942400000,50,0.001,0.01,0.01,live
FUTURES,ETH-USD-261030,410296,,,ETH,10,1,USD,1786695000686,1793347200000,20,0.01,1,1,live
FUTURES,ETH-USD-261127,479287,,,ETH,10,1,USD,1790323800587,1795766400000,20,0.01,1,1,live
FUTURES,ETH-USD-261225,258980,,,ETH,10,1,USD,1775808600232,1798185600000,20,0.01,1,1,live
FUTURES,ETH-USD-270326,366013,,,ETH,10,1,USD,1784275800487,1806048000000,20,0.01,1,1,live
FUTURES,ETH-USD-270625,373077,,,ETH,10,1,USD,1784620800000,1813910400000,20,0.01,1,1,live
FUTURES,ETH-USD-270924,373076,,,ETH,10,1,USD,1784620800000,1821772800000,20,0.01,1,1,live
FUTURES,ETH-USD_UM-261030,433706,,,USD,0.001,1,ETH,1787904600707,1793347200000,20,0.01,1,1,live
FUTURES,ETH-USD_UM-261127,479291,,,USD,0.001,1,ETH,1790323800608,1795766400000,20,0.01,1,1,live
FUTURES,ETH-USD_UM-261225,315644,,,USD,0.001,1,ETH,1781514001674,1798185600000,20,0.01,1,1,live
FUTURES,ETH-USD_UM-270326,373600,,,USD,0.001,1,ETH,1784710800000,1806048000000,20,0.01,1,1,live
FUTURES,ETH-USD_UM_XPERP-310404,255646,,,USD,0.001,1,ETH,1775016000441,1933056000000,50,0.01,1,1,live
FUTURES,ETHFI-USD_UM_XPERP-310822,415907,,,USD,1,1,ETHFI,1787041800189,1945152000000,20,0.0001,1,1,live
FUTURES,EWY-USD_UM_XPERP-310704,334793,,,USD,1,1,EWY,1782639900088,1940918400000,20,0.01,0.01,0.01,live
FUTURES,FET-USD_UM_XPERP-310912,449308,,,USD,10,1,FET,1788768000142,1946966400000,20,0.0001,1,1,live
FUTURES,FIL-USD_UM_XPERP-310718,358838,,,USD,0.1,1,FIL,1783934100131,1942128000000,20,0.0001,1,1,live
FUTURES,FLNC-USD_UM_XPERP-310919,466622,,,USD,1,1,FLNC,1789721100123,1947571200000,20,0.001,0.1,0.1,live
FUTURES,FLOCK-USD_UM_XPERP-310926,475271,,,USD,100,1,FLOCK,1790150400172,1948176000000,20,0.00001,1,1,live
FUTURES,GALA-USD_UM_XPERP-310822,417640,,,USD,10,1,GALA,1787126400256,1945152000000,20,0.000001,1,1,live
FUTURES,GLW-USD_UM_XPERP-310926,471970,,,USD,1,1,GLW,1789980300149,1948176000000,20,0.01,0.01,0.01,live
FUTURES,GOOGL-USD_UM_XPERP-310613,306652,,,USD,1,1,GOOGL,1780990200235,1939104000000,20,0.01,0.01,0.01,live
FUTURES,GRAM-USD_UM_XPERP-310620,319031,,,USD,1,1,GRAM,1781697600216,1939708800000,50,0.001,1,1,live
FUTURES,GRASS-USD_UM_XPERP-310829,428543,,,USD,1,1,GRASS,1787644800164,1945756800000,20,0.0001,1,1,live
FUTURES,GRVT-USD_UM_XPERP-310801,386802,,,USD,10,1,GRVT,1785423600395,1943337600000,20,0.00001,1,1,live
FUTURES,H-USD_UM_XPERP-310815,406021,,,USD,100,1,H,1786525200174,1944547200000,10,0.00001,0.1,0.1,live
FUTURES,HBAR-USD_UM_XPERP-310815,409276,,,USD,100,1,HBAR,1786691700144,1944547200000,20,0.00001,0.1,0.1,live
FUTURES,HOME-USD_UM_XPERP-310808,397448,,,USD,100,1,HOME,1786010400179,1943942400000,20,0.000001,1,1,live
FUTURES,HOOD-USD_UM_XPERP-310801,381570,,,USD,1,1,HOOD,1785146400312,1943337600000,20,0.01,0.1,0.1,live
FUTURES,HYPE-USD_UM_XPERP-310523,277706,,,USD,0.1,1,HYPE,1779265800278,1937289600000,50,0.001,1,1,live
FUTURES,ICP-USD_UM_XPERP-310711,351091,,,USD,1,1,ICP,1783502100148,1941523200000,50,0.001,1,1,live
FUTURES,INJ-USD_UM_XPERP-310711,351090,,,USD,0.1,1,INJ,1783501201444,1941523200000,50,0.001,1,1,live
FUTURES,INTC-USD_UM_XPERP-310627,327541,,,USD,1,1,INTC,1782203400126,1940313600000,20,0.01,0.1,0.1,live
FUTURES,IONQ-USD_UM_XPERP-310926,477159,,,USD,1,1,IONQ,1790240400169,1948176000000,20,0.01,0.1,0.1,live
FUTURES,IOST-USD_UM_XPERP-310919,465371,,,USD,1000,1,IOST,1789632000165,1947571200000,10,0.0000001,1,1,live
FUTURES,IREN-USD_UM_XPERP-310926,475229,,,USD,1,1,IREN,1790153100142,1948176000000,20,0.01,0.1,0.1,live
FUTURES,IRYS-USD_UM_XPERP-310530,290932,,,USD,100,1,IRYS,1780047000388,1937894400000,20,0.00001,1,1,live
FUTURES,JTO-USD_UM_XPERP-310725,373131,,,USD,1,1,JTO,1784708100126,1942732800000,50,0.0001,1,1,live
FUTURES,JUP-USD_UM_XPERP-310829,429805,,,USD,10,1,JUP,1787731200123,1945756800000,20,0.0001,1,1,live
FUTURES,KAITO-USD_UM_XPERP-310725,370382,,,USD,1,1,KAITO,1784545200123,1942732800000,50,0.0001,1,1,live
FUTURES,KII-USD_UM_XPERP-310926,477569,,,USD,100,1,KII,1790251200160,1948176000000,20,0.00001,1,1,live
FUTURES,KITE-USD_UM_XPERP-310905,442598,,,USD,10,1,KITE,1788422400146,1946361600000,10,0.00001,1,1,live
FUTURES,KMNO-USD_UM_XPERP-310926,473827,,,USD,100,1,KMNO,1790064000159,1948176000000,20,0.00001,1,1,live
FUTURES,KO-USD_UM_XPERP-310912,449299,,,USD,1,1,KO,1788770700112,1946966400000,20,0.01,0.1,0.1,live
FUTURES,KORU-USD_UM_XPERP-310919,461955,,,USD,1,1,KORU,1789462800130,1947571200000,10,0.01,0.01,0.01,live
FUTURES,KSM-USD_UM_XPERP-310919,466651,,,USD,0.1,1,KSM,1789714800131,1947571200000,20,0.001,1,1,live
FUTURES,LDO-USD_UM_XPERP-310822,421514,,,USD,1,1,LDO,1787296500183,1945152000000,20,0.0001,1,1,live
FUTURES,LINK-USD_UM_XPERP-310523,277705,,,USD,1,1,LINK,1779266700290,1937289600000,50,0.001,1,1,live
FUTURES,LIT-USD_UM_XPERP-310704,334836,,,USD,1,1,LIT,1782637200122,1940918400000,50,0.0001,1,1,live
FUTURES,LITE-USD_UM_XPERP-310815,406328,,,USD,1,1,LITE,1786524300162,1944547200000,20,0.01,0.01,0.01,live
FUTURES,LTC-USD_UM_XPERP-310404,255470,,,USD,0.1,1,LTC,1774845300250,1933056000000,20,0.01,1,1,live
FUTURES,MET-USD_UM_XPERP-310926,476920,,,USD,1,1,MET,1790236800159,1948176000000,20,0.0001,1,1,live
FUTURES,META-USD_UM_XPERP-310613,306653,,,USD,1,1,META,1780991100126,1939104000000,20,0.01,0.01,0.01,live
FUTURES,MINA-USD_UM_XPERP-310926,475280,,,USD,1,1,MINA,1790151300156,1948176000000,20,0.00001,1,1,live
FUTURES,MINIMAX-USD_UM_XPERP-310919,463672,,,USD,1,1,MINIMAX,1789549200141,1947571200000,20,0.01,0.1,0.1,live
FUTURES,MON-USD_UM_XPERP-310711,349452,,,USD,10,1,MON,1783415700153,1941523200000,50,0.00001,1,1,live
FUTURES,MOODENG-USD_UM_XPERP-310815,403385,,,USD,10,1,MOODENG,1786358700154,1944547200000,20,0.00001,1,1,live
FUTURES,MORPHO-USD_UM_XPERP-310905,439796,,,USD,1,1,MORPHO,1788251400135,1946361600000,20,0.0001,1,1,live
FUTURES,MRNA-USD_UM_XPERP-310905,439593,,,USD,1,1,MRNA,1788253200142,1946361600000,20,0.01,0.01,0.01,live
FUTURES,MRVL-USD_UM_XPERP-310627,327543,,,USD,1,1,MRVL,1782205200116,1940313600000,50,0.01,0.01,0.01,live
FUTURES,MSFT-USD_UM_XPERP-310613,306654,,,USD,1,1,MSFT,1780992900095,1939104000000,20,0.01,0.01,0.01,live
FUTURES,MSTR-USD_UM_XPERP-310704,334812,,,USD,1,1,MSTR,1782640800133,1940918400000,20,0.01,0.01,0.01,live
FUTURES,MU-USD_UM_XPERP-310627,327542,,,USD,1,1,MU,1782204300105,1940313600000,50,0.01,0.01,0.01,live
FUTURES,MUU-USD_UM_XPERP-310926,473806,,,USD,1,1,MUU,1790066700122,1948176000000,20,0.01,0.01,0.01,live
FUTURES,NBIS-USD_UM_XPERP-310711,352658,,,USD,1,1,NBIS,1783590300128,1941523200000,20,0.01,0.01,0.01,live
FUTURES,NEAR-USD_UM_XPERP-310613,309384,,,USD,1,1,NEAR,1781166600234,1939104000000,50,0.001,1,1,live
FUTURES,NES-USD_UM_XPERP-310627,329656,,,USD,10,1,NES,1782307800108,1940313600000,20,0.0001,1,1,live
FUTURES,NIGHT-USD_UM_XPERP-310718,366036,,,USD,100,1,NIGHT,1784284500174,1942128000000,20,0.000001,1,1,live
FUTURES,NOT-USD_UM_XPERP-310905,439785,,,USD,100,1,NOT,1788249600139,1946361600000,20,0.0000001,1,1,live
FUTURES,NVDA-USD_UM_XPERP-310613,306657,,,USD,1,1,NVDA,1780993800110,1939104000000,20,0.01,0.01,0.01,live
FUTURES,O-USD_UM_XPERP-310620,320221,,,USD,10,1,O,1781773201182,1939708800000,20,0.0001,1,1,live
FUTURES,OKB-USD_UM_XPERP-311003,483541,,,USD,0.01,1,OKB,1790586000159,1948780800000,20,0.01,1,1,live
FUTURES,OKTA-USD_UM_XPERP-310829,432911,,,USD,1,1,OKTA,1787907600139,1945756800000,10,0.01,0.01,0.01,live
FUTURES,OL-USD_UM_XPERP-310912,453559,,,USD,100,1,OL,1789028100106,1946966400000,10,0.000001,1,1,live
FUTURES,ONDO-USD_UM_XPERP-310620,318682,,,USD,10,1,ONDO,1781684100312,1939708800000,50,0.0001,1,1,live
FUTURES,ONE-USD_UM_XPERP-311003,486739,,,USD,100,1,ONE,1790755200170,1948780800000,10,0.0000001,1,1,live
FUTURES,ONT-USD_UM_XPERP-310829,429812,,,USD,10,1,ONT,1787732100119,1945756800000,20,0.00001,1,1,live
FUTURES,OP-USD_UM_XPERP-310815,404972,,,USD,1,1,OP,1786440600154,1944547200000,20,0.00001,1,1,live
FUTURES,OPENAI-USD_UM_XPERP-310905,444204,,,USD,1,1,OPENAI,1788487200146,1946361600000,20,0.01,0.01,0.01,live
FUTURES,OPN-USD_UM_XPERP-310822,414433,,,USD,10,1,OPN,1786955400184,1945152000000,20,0.00001,1,1,live
FUTURES,ORCL-USD_UM_XPERP-310912,455924,,,USD,1,1,ORCL,1789117200122,1946966400000,20,0.01,0.01,0.01,live
FUTURES,ORDI-USD_UM_XPERP-310815,403381,,,USD,0.1,1,ORDI,1786357800164,1944547200000,20,0.001,1,1,live
FUTURES,PENDLE-USD_UM_XPERP-310919,461936,,,USD,1,1,PENDLE,1789459200156,1947571200000,20,0.001,1,1,live
FUTURES,PENGU-USD_UM_XPERP-310711,354194,,,USD,100,1,PENGU,1783671900110,1941523200000,20,0.000001,1,1,live
FUTURES,PEOPLE-USD_UM_XPERP-311003,486755,,,USD,100,1,PEOPLE,1790756100138,1948780800000,20,0.000001,1,1,live
FUTURES,PEPE-USD_UM_XPERP-310404,255651,,,USD,1000000,1,PEPE,1775016900335,1933056000000,20,0.000000001,1,1,live
FUTURES,PIEVERSE-USD_UM_XPERP-310822,414440,,,USD,10,1,PIEVERSE,1786956300161,1945152000000,20,0.0001,1,1,live
FUTURES,PLTR-USD_UM_XPERP-310801,381576,,,USD,1,1,PLTR,1785149100173,1943337600000,20,0.01,0.01,0.01,live
FUTURES,POL-USD_UM_XPERP-310829,426848,,,USD,10,1,POL,1787561100180,1945756800000,20,0.00001,1,1,live
FUTURES,PONS-USD_UM_XPERP-310919,463403,,,USD,10,1,PONS,1789545600132,1947571200000,20,0.0001,1,1,live
FUTURES,PROS-USD_UM_XPERP-310801,386260,,,USD,1,1,PROS,1785398401563,1943337600000,20,0.0001,1,1,live
FUTURES,PUMP-USD_UM_XPERP-310404,255650,,,USD,1000,1,PUMP,1775017200304,1933056000000,20,0.000001,1,1,live
FUTURES,PURR-USD_UM_XPERP-311003,486467,,,USD,1,1,PURR,1790758800157,1948780800000,20,0.01,0.1,0.1,live
FUTURES,PYTH-USD_UM_XPERP-310829,428559,,,USD,10,1,PYTH,1787645700136,1945756800000,20,0.00001,1,1,live
FUTURES,QCOM-USD_UM_XPERP-310801,381574,,,USD,1,1,QCOM,1785147300148,1943337600000,20,0.01,0.01,0.01,live
FUTURES,QQQ-USD_UM_XPERP-310613,306663,,,USD,1,1,QQQ,1780995600217,1939104000000,20,0.01,0.01,0.01,live
FUTURES,QUANT-USD_UM_XPERP-311003,489060,,,USD,0.01,1,QUANT,1790845200167,1948780800000,50,0.1,1,1,live
FUTURES,RAVE-USD_UM_XPERP-310815,403356,,,USD,10,1,RAVE,1786356000201,1944547200000,20,0.0001,1,1,live
FUTURES,RAY-USD_UM_XPERP-310919,463427,,,USD,1,1,RAY,1789546500125,1947571200000,20,0.0001,1,1,live
FUTURES,RE-USD_UM_XPERP-310620,321372,,,USD,10,1,RE,1781850600233,1939708800000,20,0.00001,1,1,live
FUTURES,RENDER-USD_UM_XPERP-310711,351092,,,USD,1,1,RENDER,1783503000155,1941523200000,20,0.001,1,1,live
FUTURES,RESOLV-USD_UM_XPERP-310704,334819,,,USD,10,1,RESOLV,1782634500177,1940918400000,20,0.00001,1,1,live
FUTURES,RKLB-USD_UM_XPERP-310822,416119,,,USD,1,1,RKLB,1787046300163,1945152000000,20,0.01,0.01,0.01,live
FUTURES,RLS-USD_UM_XPERP-310829,431396,,,USD,100,1,RLS,1787818500130,1945756800000,20,0.000001,1,1,live
FUTURES,ROBO-USD_UM_XPERP-310815,404803,,,USD,100,1,ROBO,1786438800199,1944547200000,20,0.000001,1,1,live
FUTURES,SAHARA-USD_UM_XPERP-310912,455149,,,USD,10,1,SAHARA,1789110900114,1946966400000,20,0.000001,1,1,live
FUTURES,SAMSUNG-USD_UM_XPERP-310704,334783,,,USD,1,1,SAMSUNG,1782639000143,1940918400000,20,0.01,0.01,0.01,live
FUTURES,SEI-USD_UM_XPERP-310926,471962,,,USD,10,1,SEI,1789977600202,1948176000000,20,0.00001,1,1,live
FUTURES,SHIB-USD_UM_XPERP-310801,384776,,,USD,1000000,1,SHIB,1785311854355,1943337600000,50,0.000000001,1,1,live
FUTURES,SKDD-USD_UM_XPERP-310926,477207,,,USD,1,1,SKDD,1790241300151,1948176000000,20,0.001,0.1,0.1,live
FUTURES,SKHY-USD_UM_XPERP-310822,419983,,,USD,1,1,SKHY,1787220000203,1945152000000,20,0.01,0.01,0.01,live
FUTURES,SKHYNIX-USD_UM_XPERP-310704,334773,,,USD,1,1,SKHYNIX,1782638100095,1940918400000,20,0.1,0.001,0.001,live
FUTURES,SLX-USD_UM_XPERP-310606,298107,,,USD,10,1,SLX,1780473600942,1938499200000,20,0.00001,1,1,live
FUTURES,SMCI-USD_UM_XPERP-310926,477170,,,USD,1,1,SMCI,1790243100138,1948176000000,20,0.01,0.1,0.1,live
FUTURES,SNDK-USD_UM_XPERP-310627,327528,,,USD,1,1,SNDK,1782202500136,1940313600000,50,0.1,0.001,0.001,live
FUTURES,SNXX-USD_UM_XPERP-310822,420017,,,USD,1,1,SNXX,1787220900186,1945152000000,20,0.01,0.1,0.1,live
FUTURES,SOFTBANK-USD_UM_XPERP-310704,343504,,,USD,1,1,SOFTBANK,1783068300184,1940918400000,10,0.01,0.1,0.1,live
FUTURES,SOL-USD_UM-261030,433709,,,USD,0.1,1,SOL,1787904600728,1793347200000,20,0.01,1,1,live
FUTURES,SOL-USD_UM-261127,479288,,,USD,0.1,1,SOL,1790323800592,1795766400000,20,0.01,1,1,live
FUTURES,SOL-USD_UM-261225,315648,,,USD,0.1,1,SOL,1781514002166,1798185600000,20,0.01,1,1,live
FUTURES,SOL-USD_UM-270326,373510,,,USD,0.1,1,SOL,1784710800000,1806048000000,20,0.01,1,1,live
FUTURES,SOL-USD_UM_XPERP-310404,255653,,,USD,0.01,1,SOL,1775017500279,1933056000000,50,0.01,1,1,live
FUTURES,SOON-USD_UM_XPERP-311003,483490,,,USD,10,1,SOON,1790583300139,1948780800000,20,0.0001,0.1,0.1,live
FUTURES,SOPH-USD_UM_XPERP-310912,452029,,,USD,100,1,SOPH,1788941700108,1946966400000,20,0.000001,1,1,live
FUTURES,SOXL-USD_UM_XPERP-310627,327544,,,USD,1,1,SOXL,1782206100115,1940313600000,20,0.01,0.01,0.01,live
FUTURES,SOXS-USD_UM_XPERP-310912,449292,,,USD,1,1,SOXS,1788769800170,1946966400000,20,0.01,0.1,0.1,live
FUTURES,SPCX-USD_UM_XPERP-310613,312060,,,USD,0.01,1,SPCX,1781281800214,1939104000000,20,0.01,1,1,live
FUTURES,SPK-USD_UM_XPERP-310829,432934,,,USD,100,1,SPK,1787900400164,1945756800000,20,0.00001,1,1,live
FUTURES,SPY-USD_UM_XPERP-310613,306664,,,USD,1,1,SPY,1780996500168,1939104000000,20,0.01,0.01,0.01,live
FUTURES,STRK-USD_UM_XPERP-310919,465375,,,USD,1,1,STRK,1789632900134,1947571200000,20,0.00001,1,1,live
FUTURES,STX-USD_UM_XPERP-310829,431397,,,USD,10,1,STX,1787817600140,1945756800000,20,0.0001,0.1,0.1,live
FUTURES,SUI-USD_UM_XPERP-310404,255649,,,USD,1,1,SUI,1775017800287,1933056000000,20,0.0001,1,1,live
FUTURES,SUSHI-USD_UM_XPERP-310912,449315,,,USD,1,1,SUSHI,1788768900129,1946966400000,20,0.0001,1,1,live
FUTURES,TAO-USD_UM_XPERP-310523,277702,,,USD,0.01,1,TAO,1779264000414,1937289600000,50,0.1,1,1,live
FUTURES,TEST002-USD_UM_XPERP-310822,420274,,,USD,1,1,TEST002,1787279400218,1945152000000,20,0.01,0.1,0.1,live
FUTURES,TIA-USD_UM_XPERP-310905,441381,,,USD,1,1,TIA,1788336900109,1946361600000,20,0.0001,1,1,live
FUTURES,TRB-USD_UM_XPERP-310815,407623,,,USD,0.1,1,TRB,1786612500175,1944547200000,20,0.01,1,1,live
FUTURES,TRIA-USD_UM_XPERP-310905,441374,,,USD,100,1,TRIA,1788336000140,1946361600000,20,0.000001,1,1,live
FUTURES,TRUMP-USD_UM_XPERP-310704,334835,,,USD,0.1,1,TRUMP,1782636300131,1940918400000,50,0.001,1,1,live
FUTURES,TRX-USD_UM_XPERP-310523,277707,,,USD,10,1,TRX,1779267600284,1937289600000,50,0.00001,1,1,live
FUTURES,TSLA-USD_UM_XPERP-310613,306660,,,USD,1,1,TSLA,1780994700248,1939104000000,20,0.01,0.01,0.01,live
FUTURES,TSM-USD_UM_XPERP-310926,471963,,,USD,1,1,TSM,1789979400197,1948176000000,20,0.01,0.01,0.01,live
FUTURES,UB-USD_UM_XPERP-310627,329184,,,USD,100,1,UB,1782283500097,1940313600000,20,0.00001,1,1,live
FUTURES,UNI-USD_UM_XPERP-310718,358834,,,USD,1,1,UNI,1783933200349,1942128000000,20,0.001,1,1,live
FUTURES,UP-USD_UM_XPERP-310919,466655,,,USD,10,1,UP,1789715700298,1947571200000,10,0.0001,1,1,live
FUTURES,USAR-USD_UM_XPERP-310926,475228,,,USD,1,1,USAR,1790152200174,1948176000000,20,0.01,0.1,0.1,live
FUTURES,USELESS-USD_UM_XPERP-310912,451976,,,USD,10,1,USELESS,1788940800156,1946966400000,10,0.00001,1,1,live
FUTURES,VIRTUAL-USD_UM_XPERP-310815,407627,,,USD,1,1,VIRTUAL,1786613400164,1944547200000,20,0.0001,1,1,live
FUTURES,VVV-USD_UM_XPERP-310704,343386,,,USD,0.1,1,VVV,1783058400217,1940918400000,20,0.001,1,1,live
FUTURES,WDC-USD_UM_XPERP-310829,432915,,,USD,1,1,WDC,1787908500110,1945756800000,20,0.01,0.01,0.01,live
FUTURES,WIF-USD_UM_XPERP-310815,406048,,,USD,1,1,WIF,1786527000162,1944547200000,20,0.0001,1,1,live
FUTURES,WLD-USD_UM_XPERP-310613,309370,,,USD,10,1,WLD,1781165700227,1939104000000,50,0.0001,1,1,live
FUTURES,WLFI-USD_UM_XPERP-310725,376899,,,USD,10,1,WLFI,1784887200228,1942732800000,50,0.00001,1,1,live
FUTURES,XAG-USD_UM_XPERP-310509,268578,,,USD,0.01,1,XAG,1777881600396,1936080000000,50,0.01,1,1,live
FUTURES,XAU-USD_UM-261030,433708,,,USD,0.001,1,XAU,1787904600718,1793347200000,10,0.1,1,1,live
FUTURES,XAU-USD_UM-261127,479292,,,USD,0.001,1,XAU,1790323800610,1795766400000,10,0.1,1,1,live
FUTURES,XAU-USD_UM-261225,311607,,,USD,0.001,1,XAU,1781251800810,1798185600000,10,0.1,1,1,live
FUTURES,XAU-USD_UM-270326,373602,,,USD,0.001,1,XAU,1784710800000,1806048000000,10,0.1,1,1,live
FUTURES,XAU-USD_UM_XPERP-310502,265371,,,USD,0.001,1,XAU,1777359600497,1935475200000,50,0.1,1,1,live
FUTURES,XDP-USD_UM_XPERP-311003,484302,,,USD,100,1,XDP,1790607600140,1948780800000,20,0.00001,1,1,live
FUTURES,XIAOMI-USD_UM_XPERP-310919,466618,,,USD,1,1,XIAOMI,1789715700125,1947571200000,20,0.001,1,1,live
FUTURES,XLM-USD_UM_XPERP-310704,343503,,,USD,100,1,XLM,1783067400217,1940918400000,50,0.00001,0.1,0.1,live
FUTURES,XPL-USD_UM_XPERP-310711,352638,,,USD,10,1,XPL,1783587600162,1941523200000,20,0.00001,1,1,live
FUTURES,XRP-USD_UM_XPERP-310404,255648,,,USD,1,1,XRP,1775018100295,1933056000000,20,0.0001,1,1,live
FUTURES,YB-USD_UM_XPERP-310829,426822,,,USD,1,1,YB,1787559300219,1945756800000,20,0.00001,1,1,live
FUTURES,ZAMA-USD_UM_XPERP-310725,376921,,,USD,10,1,ZAMA,1784888100184,1942732800000,20,0.00001,1,1,live
FUTURES,ZEC-USD_UM_XPERP-310530,287914,,,USD,0.01,1,ZEC,1779872400350,1937894400000,20,0.01,1,1,live
FUTURES,ZEN-USD_UM_XPERP-310912,455142,,,USD,0.1,1,ZEN,1789110000135,1946966400000,20,0.001,1,1,live
FUTURES,ZHIPU-USD_UM_XPERP-310926,473805,,,USD,1,1,ZHIPU,1790065800165,1948176000000,20,0.01,0.01,0.01,live
FUTURES,ZIL-USD_UM_XPERP-310801,384880,,,USD,100,1,ZIL,1785313246398,1943337600000,20,0.000001,1,1,live
FUTURES,ZKP-USD_UM_XPERP-310905,439789,,,USD,10,1,ZKP,1788250500119,1946361600000,20,0.00001,1,1,live
FUTURES,ZRO-USD_UM_XPERP-310822,420020,,,USD,1,1,ZRO,1787212800325,1945152000000,20,0.0001,1,1,live
OPTION,BTC-USD-270924-45000-C,478522,,,BTC,1,0.01,BTC,1790325000000,1821772800000,,0.0001,1,1,live
